measurement_date,grid_cell_id,min_temperature,max_temperature,mean_temperature,precipitation
2010-01-01,1001,203,1021,569,2.366
2010-01-02,1001,279,1052,574,2.797
2010-01-03,1001,284,926,649,2.591
2010-01-04,1001,-11,1028,479,0.0
2010-01-05,1001,298,1054,654,0.0
2010-01-06,1001,569,1173,777,3.92
2010-01-07,1001,358,1126,700,0.0
2010-01-08,1001,348,996,583,0.0
2010-01-09,1001,518,1190,704,1.874
2010-01-10,1001,396,1350,785,1.083
2010-01-11,1001,454,1301,807,2.038
2010-01-12,1001,376,990,598,10.565
2010-01-13,1001,254,1249,596,1.856
2010-01-14,1001,459,1227,770,1.175
2010-01-15,1001,486,1404,862,3.012
2010-01-16,1001,345,1120,789,1.819
2010-01-17,1001,186,1197,651,0.0
2010-01-18,1001,427,1322,755,4.405
2010-01-19,1001,539,1235,861,5.933
2010-01-20,1001,644,1223,864,0.0
2010-01-21,1001,685,1543,912,2.618
2010-01-22,1001,411,1157,709,0.0
2010-01-23,1001,462,1293,834,0.0
2010-01-24,1001,511,1380,855,0.295
2010-01-25,1001,523,1288,810,0.915
2010-01-26,1001,508,1403,929,2.217
2010-01-27,1001,616,1661,889,1.048
2010-01-28,1001,477,1411,906,1.703
2010-01-29,1001,503,1233,957,1.479
2010-01-30,1001,376,1330,872,9.452
2010-01-31,1001,498,1387,925,0.0
2010-02-01,1001,630,1509,938,21.101
2010-02-02,1001,711,1503,1007,0.0
2010-02-03,1001,645,1642,1001,5.22
2010-02-04,1001,670,1714,1057,3.208
2010-02-05,1001,552,1267,892,2.595
2010-02-06,1001,705,1498,970,9.719
2010-02-07,1001,748,1409,1022,3.639
2010-02-08,1001,458,1370,852,0.0
2010-02-09,1001,660,1528,962,1.663
2010-02-10,1001,677,1541,1142,3.67
2010-02-11,1001,687,1599,1104,0.0
2010-02-12,1001,863,1731,1187,3.908
2010-02-13,1001,929,1597,1135,0.795
2010-02-14,1001,674,1566,1066,7.264
2010-02-15,1001,778,1520,982,3.443
2010-02-16,1001,640,1190,993,12.46
2010-02-17,1001,811,1758,1124,0.874
2010-02-18,1001,813,1802,1162,6.171
2010-02-19,1001,736,1846,1172,1.403
2010-02-20,1001,673,1762,1056,0.0
2010-02-21,1001,909,1671,1131,1.265
2010-02-22,1001,845,1506,1148,0.0
2010-02-23,1001,874,1758,1132,0.536
2010-02-24,1001,1135,1777,1222,0.0
2010-02-25,1001,887,1606,1220,0.0
2010-02-26,1001,623,1555,1036,0.0
2010-02-27,1001,723,1549,1145,5.495
2010-02-28,1001,967,1717,1381,0.0
2010-03-01,1001,772,1558,1113,2.825
2010-03-02,1001,805,1531,1058,1.458
2010-03-03,1001,947,1795,1282,0.0
2010-03-04,1001,833,1709,1224,1.129
2010-03-05,1001,805,1683,1193,0.0
2010-03-06,1001,1051,1788,1257,0.748
2010-03-07,1001,1137,1900,1362,2.337
2010-03-08,1001,1116,1555,1200,4.546
2010-03-09,1001,1119,1934,1422,0.0
2010-03-10,1001,1039,1900,1423,0.0
2010-03-11,1001,942,1637,1361,1.642
2010-03-12,1001,881,1849,1298,0.0
2010-03-13,1001,848,1806,1402,1.429
2010-03-14,1001,912,1908,1311,3.069
2010-03-15,1001,1036,1827,1347,0.0
2010-03-16,1001,1054,1927,1423,0.0
2010-03-17,1001,1034,2005,1367,6.318
2010-03-18,1001,1196,1733,1335,0.927
2010-03-19,1001,1120,1875,1423,5.903
2010-03-20,1001,1044,1700,1448,8.492
2010-03-21,1001,962,1755,1388,0.834
2010-03-22,1001,1095,1843,1520,4.894
2010-03-23,1001,886,1851,1367,2.947
2010-03-24,1001,1106,1870,1398,0.0
2010-03-25,1001,1054,2033,1360,0.0
2010-03-26,1001,1338,1776,1413,4.845
2010-03-27,1001,1212,1801,1437,0.0
2010-03-28,1001,1102,1952,1477,1.453
2010-03-29,1001,1106,1690,1378,0.0
2010-03-30,1001,1054,1784,1363,1.105
2010-03-31,1001,1131,1938,1466,7.802
2010-04-01,1001,1061,1956,1403,0.0
2010-04-02,1001,1379,2104,1656,7.731
2010-04-03,1001,1340,2079,1569,2.702
2010-04-04,1001,1345,2192,1649,1.633
2010-04-05,1001,1296,2130,1618,5.049
2010-04-06,1001,1157,2047,1455,1.848
2010-04-07,1001,1142,2153,1490,0.0
2010-04-08,1001,1206,2033,1589,0.0
2010-04-09,1001,1135,1721,1451,7.165
2010-04-10,1001,1147,1982,1650,5.238
2010-04-11,1001,1322,1984,1513,0.722
2010-04-12,1001,1261,2103,1539,4.058
2010-04-13,1001,1155,1958,1443,0.0
2010-04-14,1001,1155,1964,1563,0.0
2010-04-15,1001,1596,2166,1748,0.0
2010-04-16,1001,1152,2080,1541,0.0
2010-04-17,1001,1145,1788,1535,2.01
2010-04-18,1001,1229,1925,1462,0.0
2010-04-19,1001,1248,2136,1595,3.602
2010-04-20,1001,1194,2103,1529,0.0
2010-04-21,1001,1092,2173,1470,4.543
2010-04-22,1001,1295,2004,1497,0.0
2010-04-23,1001,952,1989,1401,1.165
2010-04-24,1001,1023,2005,1405,3.678
2010-04-25,1001,1098,2132,1448,0.0
2010-04-26,1001,1148,1978,1582,0.0
2010-04-27,1001,1221,1949,1590,0.0
2010-04-28,1001,1036,1998,1455,1.752
2010-04-29,1001,1228,1978,1540,3.534
2010-04-30,1001,1379,2128,1634,0.0
2010-05-01,1001,1386,2142,1671,3.817
2010-05-02,1001,1252,2224,1566,1.476
2010-05-03,1001,1262,2065,1528,0.926
2010-05-04,1001,1167,2110,1424,0.0
2010-05-05,1001,1103,1970,1573,0.847
2010-05-06,1001,1533,2306,1737,0.689
2010-05-07,1001,1040,2101,1597,0.0
2010-05-08,1001,1397,2205,1566,4.408
2010-05-09,1001,1323,2200,1609,0.222
2010-05-10,1001,1458,2275,1715,0.0
2010-05-11,1001,1218,2003,1544,0.585
2010-05-12,1001,1270,2201,1612,0.296
2010-05-13,1001,947,1932,1412,0.209
2010-05-14,1001,1228,1896,1606,0.0
2010-05-15,1001,1233,2121,1560,1.101
2010-05-16,1001,1232,1917,1500,1.263
2010-05-17,1001,1337,2288,1661,0.175
2010-05-18,1001,1369,1993,1467,1.535
2010-05-19,1001,1071,1984,1436,4.193
2010-05-20,1001,1157,1812,1495,0.0
2010-05-21,1001,1084,1971,1481,0.0
2010-05-22,1001,1156,1867,1477,0.0
2010-05-23,1001,1260,1930,1604,2.023
2010-05-24,1001,1442,2209,1700,2.811
2010-05-25,1001,1349,1944,1495,1.111
2010-05-26,1001,1240,2078,1457,0.0
2010-05-27,1001,1101,2111,1489,1.216
2010-05-28,1001,1192,2092,1619,0.0
2010-05-29,1001,1322,2055,1519,5.425
2010-05-30,1001,1128,1933,1470,0.0
2010-05-31,1001,1145,2142,1505,1.362
2010-06-01,1001,1190,1953,1444,2.504
2010-06-02,1001,1067,2002,1471,0.0
2010-06-03,1001,1278,1870,1492,0.0
2010-06-04,1001,1189,1961,1515,0.0
2010-06-05,1001,1025,2076,1392,1.415
2010-06-06,1001,1119,1984,1409,1.002
2010-06-07,1001,1136,1980,1530,1.254
2010-06-08,1001,1504,2023,1596,2.132
2010-06-09,1001,1099,1904,1451,1.292
2010-06-10,1001,1066,1653,1444,0.0
2010-06-11,1001,1215,1866,1373,0.71
2010-06-12,1001,1360,2035,1594,1.337
2010-06-13,1001,1188,1712,1385,0.0
2010-06-14,1001,1130,1676,1388,0.657
2010-06-15,1001,1223,2020,1455,0.477
2010-06-16,1001,1202,1962,1333,0.203
2010-06-17,1001,968,1967,1378,2.524
2010-06-18,1001,873,1573,1251,1.498
2010-06-19,1001,1144,1773,1388,0.0
2010-06-20,1001,1175,1746,1339,0.42
2010-06-21,1001,1047,1833,1331,1.798
2010-06-22,1001,996,1746,1288,0.254
2010-06-23,1001,1002,1847,1163,0.0
2010-06-24,1001,1373,1913,1458,0.0
2010-06-25,1001,713,1601,1137,4.187
2010-06-26,1001,989,1825,1342,0.895
2010-06-27,1001,832,1809,1218,0.697
2010-06-28,1001,868,1739,1185,0.0
2010-06-29,1001,812,1667,1258,0.582
2010-06-30,1001,917,1716,1310,1.974
2010-07-01,1001,818,1612,1170,2.427
2010-07-02,1001,983,1873,1236,0.0
2010-07-03,1001,872,1552,1201,0.0
2010-07-04,1001,905,1715,1196,2.665
2010-07-05,1001,788,1612,1132,0.0
2010-07-06,1001,858,1340,1114,0.0
2010-07-07,1001,815,1806,1154,0.0
2010-07-08,1001,910,1800,1232,0.0
2010-07-09,1001,977,1593,1193,0.0
2010-07-10,1001,823,1738,1072,0.0
2010-07-11,1001,923,1790,1267,6.056
2010-07-12,1001,703,1716,1064,1.099
2010-07-13,1001,992,1691,1113,0.79
2010-07-14,1001,839,1595,1189,0.0
2010-07-15,1001,794,1578,1116,0.652
2010-07-16,1001,644,1467,958,0.0
2010-07-17,1001,705,1532,1016,3.952
2010-07-18,1001,878,1681,1205,1.464
2010-07-19,1001,579,1484,951,0.0
2010-07-20,1001,512,1363,961,0.84
2010-07-21,1001,699,1435,873,0.839
2010-07-22,1001,755,1557,1062,0.0
2010-07-23,1001,654,1664,986,3.453
2010-07-24,1001,772,1535,1037,2.892
2010-07-25,1001,728,1610,1148,2.94
2010-07-26,1001,469,1231,844,0.0
2010-07-27,1001,628,1369,922,0.401
2010-07-28,1001,554,1430,916,2.434
2010-07-29,1001,616,1369,934,1.154
2010-07-30,1001,841,1690,990,0.679
2010-07-31,1001,481,1502,972,2.451
2010-08-01,1001,586,1375,851,0.68
2010-08-02,1001,602,1397,906,0.0
2010-08-03,1001,388,1256,848,1.721
2010-08-04,1001,611,1374,914,1.438
2010-08-05,1001,344,1178,780,0.363
2010-08-06,1001,505,1312,827,0.0
2010-08-07,1001,773,1465,846,1.699
2010-08-08,1001,466,1219,820,0.926
2010-08-09,1001,558,1389,777,0.0
2010-08-10,1001,515,1168,868,2.479
2010-08-11,1001,347,1239,719,0.149
2010-08-12,1001,448,1489,752,1.259
2010-08-13,1001,352,1055,772,2.645
2010-08-14,1001,430,1267,725,2.784
2010-08-15,1001,378,1286,783,0.0
2010-08-16,1001,488,1165,626,0.0
2010-08-17,1001,352,1157,744,0.0
2010-08-18,1001,203,1116,561,0.0
2010-08-19,1001,338,1094,651,1.315
2010-08-20,1001,372,1026,733,0.702
2010-08-21,1001,361,1175,719,4.477
2010-08-22,1001,487,1159,680,0.545
2010-08-23,1001,144,1134,547,3.853
2010-08-24,1001,260,1270,599,4.248
2010-08-25,1001,496,1105,708,0.0
2010-08-26,1001,265,998,557,4.435
2010-08-27,1001,303,936,573,1.469
2010-08-28,1001,274,1093,646,4.409
2010-08-29,1001,43,1005,379,0.0
2010-08-30,1001,247,810,609,0.438
2010-08-31,1001,169,762,453,2.039
2010-09-01,1001,179,1011,557,1.441
2010-09-02,1001,222,1177,722,0.0
2010-09-03,1001,260,1060,569,1.576
2010-09-04,1001,123,1012,500,2.117
2010-09-05,1001,310,1025,658,0.0
2010-09-06,1001,181,1157,615,2.357
2010-09-07,1001,3,859,405,5.538
2010-09-08,1001,101,857,436,1.347
2010-09-09,1001,170,1076,480,0.0
2010-09-10,1001,92,1110,438,0.0
2010-09-11,1001,155,1059,478,1.691
2010-09-12,1001,178,1118,426,0.0
2010-09-13,1001,-21,641,391,0.613
2010-09-14,1001,133,1216,441,0.998
2010-09-15,1001,96,1005,457,1.372
2010-09-16,1001,322,1156,551,4.999
2010-09-17,1001,129,923,574,0.828
2010-09-18,1001,-1,540,290,1.077
2010-09-19,1001,87,1062,474,0.0
2010-09-20,1001,31,700,361,2.575
2010-09-21,1001,36,785,403,3.196
2010-09-22,1001,156,864,498,0.0
2010-09-23,1001,-212,678,215,4.163
2010-09-24,1001,-179,682,293,1.87
2010-09-25,1001,277,843,438,0.0
2010-09-26,1001,163,787,402,1.347
2010-09-27,1001,146,748,356,0.267
2010-09-28,1001,182,1004,427,0.0
2010-09-29,1001,-28,1098,366,3.58
2010-09-30,1001,179,788,433,3.015
2010-10-01,1001,-92,912,259,5.36
2010-10-02,1001,38,859,286,1.151
2010-10-03,1001,-53,727,197,3.5
2010-10-04,1001,57,955,416,2.917
2010-10-05,1001,18,810,323,3.075
2010-10-06,1001,91,832,399,0.995
2010-10-07,1001,-5,805,324,0.639
2010-10-08,1001,22,933,437,1.13
2010-10-09,1001,-24,822,307,4.539
2010-10-10,1001,5,637,287,3.755
2010-10-11,1001,-191,727,197,0.837
2010-10-12,1001,-67,631,256,4.115
2010-10-13,1001,13,729,358,3.597
2010-10-14,1001,-252,849,172,1.394
2010-10-15,1001,-232,676,227,1.589
2010-10-16,1001,125,818,421,4.321
2010-10-17,1001,-222,575,228,0.0
2010-10-18,1001,8,668,329,7.667
2010-10-19,1001,-85,678,313,0.0
2010-10-20,1001,159,722,348,0.529
2010-10-21,1001,-241,500,97,3.535
2010-10-22,1001,-129,679,205,2.38
2010-10-23,1001,16,676,389,0.0
2010-10-24,1001,-123,694,105,3.424
2010-10-25,1001,-151,740,189,1.846
2010-10-26,1001,-209,675,173,1.918
2010-10-27,1001,57,595,271,0.0
2010-10-28,1001,-82,646,191,0.0
2010-10-29,1001,-252,714,248,3.311
2010-10-30,1001,39,939,265,0.313
2010-10-31,1001,-131,730,205,0.0
2010-11-01,1001,-157,298,99,0.461
2010-11-02,1001,17,817,301,1.379
2010-11-03,1001,-22,546,124,0.925
2010-11-04,1001,-202,657,182,0.0
2010-11-05,1001,-154,943,250,0.377
2010-11-06,1001,-133,466,154,0.427
2010-11-07,1001,154,696,261,1.761
2010-11-08,1001,-197,773,196,0.0
2010-11-09,1001,-109,733,261,2.532
2010-11-10,1001,-228,628,248,2.579
2010-11-11,1001,74,736,302,0.0
2010-11-12,1001,-221,778,232,0.894
2010-11-13,1001,-154,791,258,1.872
2010-11-14,1001,80,808,322,0.751
2010-11-15,1001,44,870,431,1.622
2010-11-16,1001,-119,816,227,0.673
2010-11-17,1001,-2,765,300,0.189
2010-11-18,1001,-78,751,215,0.0
2010-11-19,1001,109,863,333,1.293
2010-11-20,1001,10,905,367,5.641
2010-11-21,1001,-16,693,322,0.0
2010-11-22,1001,-117,876,237,8.28
2010-11-23,1001,-43,776,309,0.459
2010-11-24,1001,-8,902,223,3.06
2010-11-25,1001,121,932,386,0.0
2010-11-26,1001,-93,649,269,0.0
2010-11-27,1001,-163,870,245,3.289
2010-11-28,1001,44,592,327,1.91
2010-11-29,1001,-190,937,231,3.132
2010-11-30,1001,186,848,396,0.0
2010-12-01,1001,89,899,396,0.0
2010-12-02,1001,51,833,380,0.0
2010-12-03,1001,72,977,336,3.425
2010-12-04,1001,-95,996,370,3.174
2010-12-05,1001,-8,783,357,3.948
2010-12-06,1001,-11,1068,395,2.395
2010-12-07,1001,203,683,430,2.075
2010-12-08,1001,230,1091,501,8.48
2010-12-09,1001,293,1070,453,2.653
2010-12-10,1001,183,1021,430,0.0
2010-12-11,1001,-45,864,319,7.635
2010-12-12,1001,208,736,419,4.894
2010-12-13,1001,137,609,393,1.583
2010-12-14,1001,262,979,380,0.0
2010-12-15,1001,-46,994,396,3.456
2010-12-16,1001,306,1028,517,0.0
2010-12-17,1001,128,929,482,0.0
2010-12-18,1001,217,1070,538,10.24
2010-12-19,1001,99,900,363,3.825
2010-12-20,1001,353,1097,597,0.0
2010-12-21,1001,76,864,502,0.0
2010-12-22,1001,353,1236,565,0.0
2010-12-23,1001,132,818,415,0.0
2010-12-24,1001,415,1153,743,0.0
2010-12-25,1001,330,1170,580,1.476
2010-12-26,1001,243,970,560,2.258
2010-12-27,1001,220,965,423,6.977
2010-12-28,1001,297,974,461,7.581
2010-12-29,1001,29,720,352,2.453
2010-12-30,1001,350,1061,531,0.0
2010-12-31,1001,105,899,498,2.944
2011-01-01,1001,333,1179,636,4.283
2011-01-02,1001,379,1268,661,1.373
2011-01-03,1001,151,952,482,0.0
2011-01-04,1001,255,1194,533,3.604
2011-01-05,1001,308,1115,563,2.275
2011-01-06,1001,374,1170,596,4.068
2011-01-07,1001,205,962,695,2.931
2011-01-08,1001,415,996,733,0.0
2011-01-09,1001,426,1425,643,3.57
2011-01-10,1001,542,1414,777,2.784
2011-01-11,1001,178,1091,471,1.289
2011-01-12,1001,397,877,628,0.422
2011-01-13,1001,578,1296,916,0.083
2011-01-14,1001,562,1222,782,3.992
2011-01-15,1001,435,1050,688,4.231
2011-01-16,1001,422,1262,779,0.0
2011-01-17,1001,346,1326,718,4.712
2011-01-18,1001,453,1272,779,2.302
2011-01-19,1001,392,1242,708,4.32
2011-01-20,1001,366,1431,714,4.805
2011-01-21,1001,336,1412,856,2.043
2011-01-22,1001,588,1075,838,2.55
2011-01-23,1001,366,1282,700,3.305
2011-01-24,1001,460,1267,835,1.888
2011-01-25,1001,481,1462,884,2.643
2011-01-26,1001,525,1389,962,0.0
2011-01-27,1001,609,1481,915,0.0
2011-01-28,1001,591,1425,840,0.0
2011-01-29,1001,694,1699,993,0.0
2011-01-30,1001,378,1261,757,6.531
2011-01-31,1001,487,1326,867,3.467
2011-02-01,1001,548,1337,882,4.339
2011-02-02,1001,551,1518,874,0.0
2011-02-03,1001,686,1304,973,0.0
2011-02-04,1001,616,1310,948,4.09
2011-02-05,1001,596,1524,941,5.359
2011-02-06,1001,877,1555,1118,1.898
2011-02-07,1001,588,1581,968,0.0
2011-02-08,1001,933,1721,1091,13.186
2011-02-09,1001,681,1713,1055,2.232
2011-02-10,1001,800,1368,1045,0.0
2011-02-11,1001,825,1503,1076,0.0
2011-02-12,1001,562,1386,1007,1.108
2011-02-13,1001,626,1610,1029,1.202
2011-02-14,1001,892,1481,1083,0.0
2011-02-15,1001,591,1442,965,0.411
2011-02-16,1001,792,1547,1090,0.0
2011-02-17,1001,784,1752,1207,0.675
2011-02-18,1001,1078,1884,1281,1.756
2011-02-19,1001,910,1845,1199,9.606
2011-02-20,1001,786,1569,1078,2.708
2011-02-21,1001,878,1660,1178,3.719
2011-02-22,1001,880,1492,1127,0.0
2011-02-23,1001,880,1643,1231,0.0
2011-02-24,1001,787,1822,1199,1.483
2011-02-25,1001,784,1677,1095,0.0
2011-02-26,1001,805,1598,1162,2.027
2011-02-27,1001,797,1638,1072,2.901
2011-02-28,1001,973,1743,1315,0.0
2011-03-01,1001,819,1756,1186,0.0
2011-03-02,1001,964,1610,1254,0.0
2011-03-03,1001,789,1632,1199,0.0
2011-03-04,1001,687,1792,1286,0.632
2011-03-05,1001,1055,1949,1361,1.186
2011-03-06,1001,805,1821,1327,4.473
2011-03-07,1001,978,1724,1242,0.0
2011-03-08,1001,984,1583,1330,0.0
2011-03-09,1001,902,1975,1340,0.0
2011-03-10,1001,797,1413,1153,1.901
2011-03-11,1001,1095,1722,1345,0.37
2011-03-12,1001,1191,1716,1396,14.06
2011-03-13,1001,912,1771,1236,0.591
2011-03-14,1001,1024,1986,1395,2.585
2011-03-15,1001,1032,1953,1345,2.477
2011-03-16,1001,959,1579,1222,1.923
2011-03-17,1001,1113,1826,1287,0.0
2011-03-18,1001,1131,1877,1343,1.153
2011-03-19,1001,929,2076,1338,4.143
2011-03-20,1001,908,1900,1354,1.659
2011-03-21,1001,1190,1899,1480,1.105
2011-03-22,1001,1062,1842,1346,2.064
2011-03-23,1001,946,1691,1322,0.0
2011-03-24,1001,982,2090,1382,0.722
2011-03-25,1001,1060,1810,1420,3.352
2011-03-26,1001,1135,1870,1416,3.667
2011-03-27,1001,1068,1665,1408,5.323
2011-03-28,1001,972,2221,1499,0.659
2011-03-29,1001,1053,2038,1408,0.82
2011-03-30,1001,1045,1938,1427,0.169
2011-03-31,1001,1079,1920,1473,3.919
2011-04-01,1001,1248,1759,1382,0.95
2011-04-02,1001,947,1780,1395,0.0
2011-04-03,1001,1122,1959,1339,3.671
2011-04-04,1001,1071,2029,1342,1.332
2011-04-05,1001,1446,2158,1603,0.67
2011-04-06,1001,1105,1964,1530,0.818
2011-04-07,1001,1426,2048,1612,1.741
2011-04-08,1001,1018,1826,1336,0.0
2011-04-09,1001,1106,1798,1482,2.503
2011-04-10,1001,1306,2147,1552,0.0
2011-04-11,1001,1142,1986,1432,3.369
2011-04-12,1001,1156,1877,1551,3.257
2011-04-13,1001,1120,2036,1539,0.335
2011-04-14,1001,1234,1950,1491,0.0
2011-04-15,1001,1398,2036,1618,3.041
2011-04-16,1001,1415,1989,1624,1.364
2011-04-17,1001,978,1723,1446,1.458
2011-04-18,1001,1314,1933,1527,1.96
2011-04-19,1001,1201,2050,1480,2.396
2011-04-20,1001,1154,1982,1540,0.0
2011-04-21,1001,1187,1959,1575,2.998
2011-04-22,1001,1207,2003,1556,2.84
2011-04-23,1001,1398,2317,1609,0.474
2011-04-24,1001,1147,1689,1338,2.342
2011-04-25,1001,1345,2226,1654,0.0
2011-04-26,1001,1199,2036,1580,0.948
2011-04-27,1001,1089,1844,1494,0.0
2011-04-28,1001,1438,1969,1528,0.687
2011-04-29,1001,1389,1954,1530,1.453
2011-04-30,1001,1255,1934,1501,0.0
2011-05-01,1001,1188,1983,1484,1.469
2011-05-02,1001,1220,1960,1500,2.762
2011-05-03,1001,1116,2090,1553,1.427
2011-05-04,1001,1212,2060,1574,1.86
2011-05-05,1001,1291,1914,1514,3.006
2011-05-06,1001,1294,1976,1544,1.316
2011-05-07,1001,997,1876,1415,0.0
2011-05-08,1001,1069,1848,1357,3.445
2011-05-09,1001,1409,2308,1552,0.0
2011-05-10,1001,1263,2088,1544,0.0
2011-05-11,1001,1343,2027,1548,0.0
2011-05-12,1001,1322,2134,1610,0.204
2011-05-13,1001,1245,2398,1577,3.152
2011-05-14,1001,1337,1926,1562,0.0
2011-05-15,1001,1370,2123,1687,1.633
2011-05-16,1001,1263,1878,1625,3.013
2011-05-17,1001,1304,2196,1623,0.939
2011-05-18,1001,1339,1894,1530,0.0
2011-05-19,1001,1493,2216,1766,4.392
2011-05-20,1001,1103,1731,1502,0.0
2011-05-21,1001,1258,1861,1528,2.551
2011-05-22,1001,1050,1897,1551,0.743
2011-05-23,1001,1217,2089,1612,0.0
2011-05-24,1001,1189,2410,1667,0.0
2011-05-25,1001,1191,1933,1507,0.0
2011-05-26,1001,1194,1815,1478,7.74
2011-05-27,1001,1255,2137,1639,2.009
2011-05-28,1001,1111,2293,1449,0.0
2011-05-29,1001,1155,1946,1508,0.563
2011-05-30,1001,1081,2122,1525,0.484
2011-05-31,1001,1454,2058,1572,0.0
2011-06-01,1001,957,2131,1507,0.0
2011-06-02,1001,1018,1933,1369,0.0
2011-06-03,1001,1193,1894,1542,0.0
2011-06-04,1001,1042,1992,1500,2.133
2011-06-05,1001,1272,1969,1354,1.127
2011-06-06,1001,933,1801,1341,1.466
2011-06-07,1001,1113,1699,1433,0.0
2011-06-08,1001,1051,1709,1304,0.0
2011-06-09,1001,1062,2020,1424,0.252
2011-06-10,1001,1026,1922,1288,1.09
2011-06-11,1001,1209,2096,1530,2.612
2011-06-12,1001,1097,1924,1314,1.952
2011-06-13,1001,1103,1728,1351,0.0
2011-06-14,1001,1036,1721,1302,1.676
2011-06-15,1001,971,1769,1277,1.938
2011-06-16,1001,1245,1845,1403,0.0
2011-06-17,1001,953,1735,1421,7.487
2011-06-18,1001,967,1883,1372,0.561
2011-06-19,1001,1024,1923,1395,0.364
2011-06-20,1001,776,1711,1235,1.657
2011-06-21,1001,1052,1752,1321,0.797
2011-06-22,1001,968,1820,1240,0.0
2011-06-23,1001,901,1883,1332,0.902
2011-06-24,1001,981,2017,1310,0.0
2011-06-25,1001,994,1697,1179,2.385
2011-06-26,1001,940,1869,1354,0.0
2011-06-27,1001,1002,1584,1249,1.137
2011-06-28,1001,1179,1669,1319,0.0
2011-06-29,1001,1076,1727,1370,0.0
2011-06-30,1001,865,1888,1322,0.0
2011-07-01,1001,831,1779,1134,0.0
2011-07-02,1001,903,1545,1139,1.576
2011-07-03,1001,762,1378,1121,3.423
2011-07-04,1001,735,1712,1186,3.794
2011-07-05,1001,866,1905,1229,0.0
2011-07-06,1001,798,1832,1246,0.247
2011-07-07,1001,925,1798,1145,2.107
2011-07-08,1001,804,1456,1198,0.0
2011-07-09,1001,684,1937,1098,0.0
2011-07-10,1001,831,1729,1145,0.0
2011-07-11,1001,959,1545,1190,0.0
2011-07-12,1001,850,1816,1110,1.841
2011-07-13,1001,671,1395,1014,0.655
2011-07-14,1001,763,1522,1056,0.0
2011-07-15,1001,702,1386,1003,0.0
2011-07-16,1001,703,1429,1045,4.282
2011-07-17,1001,503,1131,882,0.0
2011-07-18,1001,904,1656,1107,0.0
2011-07-19,1001,767,1478,1060,1.964
2011-07-20,1001,815,1482,1000,0.925
2011-07-21,1001,765,1593,1042,0.0
2011-07-22,1001,530,1579,980,1.322
2011-07-23,1001,472,1441,988,0.0
2011-07-24,1001,631,1389,942,0.925
2011-07-25,1001,632,1329,913,1.02
2011-07-26,1001,532,1601,946,1.245
2011-07-27,1001,460,1373,868,0.0
2011-07-28,1001,861,1563,1040,2.785
2011-07-29,1001,669,1783,949,1.808
2011-07-30,1001,561,1438,795,1.62
2011-07-31,1001,570,1361,825,0.0
2011-08-01,1001,463,1255,919,0.0
2011-08-02,1001,593,1128,903,0.0
2011-08-03,1001,308,1172,752,0.0
2011-08-04,1001,413,1302,819,0.0
2011-08-05,1001,645,1365,983,0.0
2011-08-06,1001,501,1086,807,1.548
2011-08-07,1001,505,1259,784,0.484
2011-08-08,1001,381,1214,771,0.0
2011-08-09,1001,370,1207,766,0.536
2011-08-10,1001,536,1156,825,0.0
2011-08-11,1001,520,1281,787,1.78
2011-08-12,1001,393,1298,800,0.0
2011-08-13,1001,409,1180,803,0.105
2011-08-14,1001,279,925,611,0.0
2011-08-15,1001,369,1099,689,0.0
2011-08-16,1001,471,1189,809,0.357
2011-08-17,1001,380,1352,712,0.841
2011-08-18,1001,414,1076,732,1.158
2011-08-19,1001,492,1159,615,0.0
2011-08-20,1001,478,1201,764,0.0
2011-08-21,1001,390,996,696,0.0
2011-08-22,1001,281,1149,642,0.0
2011-08-23,1001,83,1127,709,1.745
2011-08-24,1001,551,1159,678,0.0
2011-08-25,1001,324,837,522,0.399
2011-08-26,1001,234,1253,597,0.535
2011-08-27,1001,89,969,590,5.545
2011-08-28,1001,265,1109,533,1.065
2011-08-29,1001,363,893,470,0.0
2011-08-30,1001,435,1200,723,0.0
2011-08-31,1001,376,1334,728,0.0
2011-09-01,1001,62,797,391,4.61
2011-09-02,1001,209,660,441,1.506
2011-09-03,1001,280,853,459,1.9
2011-09-04,1001,182,1249,629,2.622
2011-09-05,1001,126,840,500,1.09
2011-09-06,1001,340,1307,642,3.124
2011-09-07,1001,184,1294,598,0.0
2011-09-08,1001,250,1319,540,0.0
2011-09-09,1001,13,804,520,2.026
2011-09-10,1001,325,841,376,0.0
2011-09-11,1001,225,975,499,0.0
2011-09-12,1001,53,902,467,0.988
2011-09-13,1001,153,1114,541,0.0
2011-09-14,1001,-114,747,377,0.388
2011-09-15,1001,-144,619,254,1.496
2011-09-16,1001,292,770,525,1.453
2011-09-17,1001,189,987,569,4.489
2011-09-18,1001,26,608,326,0.0
2011-09-19,1001,29,1114,392,0.0
2011-09-20,1001,136,753,356,0.0
2011-09-21,1001,-120,713,294,1.201
2011-09-22,1001,239,979,340,5.724
2011-09-23,1001,-244,667,233,0.0
2011-09-24,1001,-124,872,258,0.655
2011-09-25,1001,122,879,404,0.0
2011-09-26,1001,-76,828,315,0.839
2011-09-27,1001,108,832,407,0.0
2011-09-28,1001,115,1029,429,0.914
2011-09-29,1001,-172,545,201,0.0
2011-09-30,1001,-173,879,234,2.717
2011-10-01,1001,88,641,335,1.269
2011-10-02,1001,154,1150,465,0.0
2011-10-03,1001,155,679,372,0.0
2011-10-04,1001,148,995,469,5.054
2011-10-05,1001,-216,748,190,4.129
2011-10-06,1001,201,1008,353,1.548
2011-10-07,1001,88,905,330,2.565
2011-10-08,1001,90,892,449,0.0
2011-10-09,1001,14,617,371,3.031
2011-10-10,1001,34,727,290,5.994
2011-10-11,1001,-72,841,357,6.936
2011-10-12,1001,-165,626,190,4.479
2011-10-13,1001,-77,578,276,0.0
2011-10-14,1001,-148,750,187,0.0
2011-10-15,1001,75,693,177,0.455
2011-10-16,1001,-117,689,200,0.748
2011-10-17,1001,-6,625,350,0.0
2011-10-18,1001,-123,646,217,0.0
2011-10-19,1001,-47,618,214,0.0
2011-10-20,1001,15,753,352,6.932
2011-10-21,1001,46,1016,396,0.428
2011-10-22,1001,-26,597,274,2.741
2011-10-23,1001,-219,977,280,1.653
2011-10-24,1001,-162,790,251,0.0
2011-10-25,1001,-222,583,137,1.015
2011-10-26,1001,-141,724,167,2.836
2011-10-27,1001,-161,803,292,4.852
2011-10-28,1001,-7,498,310,5.232
2011-10-29,1001,-43,1019,300,3.953
2011-10-30,1001,-24,800,263,0.35
2011-10-31,1001,-327,669,145,0.0
2011-11-01,1001,-194,690,167,2.595
2011-11-02,1001,136,631,371,0.0
2011-11-03,1001,-137,851,273,1.157
2011-11-04,1001,79,834,425,2.4
2011-11-05,1001,-132,692,66,1.191
2011-11-06,1001,-83,828,246,0.357
2011-11-07,1001,-154,602,132,4.076
2011-11-08,1001,-190,647,143,2.105
2011-11-09,1001,35,762,315,0.0
2011-11-10,1001,-195,514,157,0.5
2011-11-11,1001,-249,692,167,4.795
2011-11-12,1001,-179,703,271,0.0
2011-11-13,1001,-240,574,182,0.0
2011-11-14,1001,-298,782,286,8.457
2011-11-15,1001,32,797,351,0.0
2011-11-16,1001,121,934,417,0.0
2011-11-17,1001,-94,728,284,1.124
2011-11-18,1001,-81,977,331,8.51
2011-11-19,1001,140,741,371,3.455
2011-11-20,1001,-46,760,280,0.812
2011-11-21,1001,-71,877,275,0.0
2011-11-22,1001,92,844,396,9.947
2011-11-23,1001,-60,877,329,0.0
2011-11-24,1001,39,527,308,0.781
2011-11-25,1001,-59,567,172,2.431
2011-11-26,1001,49,665,208,9.475
2011-11-27,1001,-276,692,177,2.613
2011-11-28,1001,-109,711,406,0.0
2011-11-29,1001,80,960,374,0.693
2011-11-30,1001,146,1116,451,1.653
2011-12-01,1001,-20,777,285,0.0
2011-12-02,1001,295,865,483,3.498
2011-12-03,1001,117,860,473,2.23
2011-12-04,1001,96,714,405,1.335
2011-12-05,1001,10,811,342,0.0
2011-12-06,1001,266,857,320,5.585
2011-12-07,1001,133,844,455,0.0
2011-12-08,1001,161,1009,505,4.865
2011-12-09,1001,199,797,451,1.875
2011-12-10,1001,85,848,411,0.0
2011-12-11,1001,357,932,439,1.706
2011-12-12,1001,72,869,429,2.847
2011-12-13,1001,5,1134,498,10.961
2011-12-14,1001,141,955,397,1.075
2011-12-15,1001,232,827,439,0.0
2011-12-16,1001,114,1063,466,4.032
2011-12-17,1001,109,931,443,0.929
2011-12-18,1001,-53,992,376,0.0
2011-12-19,1001,329,1165,576,0.0
2011-12-20,1001,-2,932,478,1.456
2011-12-21,1001,224,1157,561,4.992
2011-12-22,1001,212,873,511,0.0
2011-12-23,1001,-43,876,372,0.0
2011-12-24,1001,34,919,389,1.186
2011-12-25,1001,265,1045,543,0.0
2011-12-26,1001,74,1092,472,0.0
2011-12-27,1001,154,1175,499,12.291
2011-12-28,1001,286,1190,572,0.0
2011-12-29,1001,118,1215,524,0.0
2011-12-30,1001,266,1220,622,0.625
2011-12-31,1001,241,1090,536,2.332
2012-01-01,1001,371,1168,680,3.568
2012-01-02,1001,435,1126,610,1.544
2012-01-03,1001,277,1130,517,6.966
2012-01-04,1001,544,1404,733,0.0
2012-01-05,1001,204,1165,645,0.0
2012-01-06,1001,206,1129,620,0.0
2012-01-07,1001,238,931,697,3.24
2012-01-08,1001,146,1001,565,4.815
2012-01-09,1001,430,1310,697,0.0
2012-01-10,1001,284,1135,681,2.229
2012-01-11,1001,435,1366,768,0.0
2012-01-12,1001,564,1252,830,4.086
2012-01-13,1001,380,1453,751,0.0
2012-01-14,1001,472,1454,863,1.555
2012-01-15,1001,389,927,659,11.766
2012-01-16,1001,541,1600,836,0.485
2012-01-17,1001,437,1223,768,3.741
2012-01-18,1001,465,1147,831,0.882
2012-01-19,1001,500,1281,720,1.251
2012-01-20,1001,309,1194,626,3.682
2012-01-21,1001,532,1301,918,3.229
2012-01-22,1001,460,1060,747,0.0
2012-01-23,1001,678,1451,958,1.395
2012-01-24,1001,410,1336,917,0.0
2012-01-25,1001,602,1211,837,0.0
2012-01-26,1001,408,1301,739,0.0
2012-01-27,1001,578,1284,909,0.0
2012-01-28,1001,791,1262,924,2.3
2012-01-29,1001,501,1300,843,1.127
2012-01-30,1001,432,1334,902,5.081
2012-01-31,1001,758,1401,853,0.0
2012-02-01,1001,737,1754,1051,10.987
2012-02-02,1001,600,1516,888,1.76
2012-02-03,1001,579,1436,954,0.082
2012-02-04,1001,483,1447,944,0.0
2012-02-05,1001,427,1319,966,0.0
2012-02-06,1001,514,1355,928,0.677
2012-02-07,1001,639,1636,1064,1.69
2012-02-08,1001,752,1393,991,3.982
2012-02-09,1001,615,1646,1014,6.316
2012-02-10,1001,899,1677,1064,0.0
2012-02-11,1001,815,1363,1093,1.495
2012-02-12,1001,770,1521,991,0.807
2012-02-13,1001,771,1668,1095,3.66
2012-02-14,1001,844,1690,1192,5.749
2012-02-15,1001,772,1575,1142,0.0
2012-02-16,1001,795,1582,1055,9.543
2012-02-17,1001,671,1571,1146,0.0
2012-02-18,1001,606,1692,1058,0.0
2012-02-19,1001,734,1681,1157,0.0
2012-02-20,1001,1035,1681,1279,0.0
2012-02-21,1001,942,1627,1153,6.126
2012-02-22,1001,879,1744,1157,1.574
2012-02-23,1001,861,1778,1195,6.011
2012-02-24,1001,720,1842,1111,0.767
2012-02-25,1001,827,1506,1099,0.0
2012-02-26,1001,1069,1938,1365,1.825
2012-02-27,1001,945,1540,1266,0.653
2012-02-28,1001,933,1956,1382,0.918
2012-02-29,1001,873,1752,1242,1.118
2012-03-01,1001,809,1709,1166,0.816
2012-03-02,1001,973,1509,1282,2.953
2012-03-03,1001,922,1491,1197,0.877
2012-03-04,1001,925,1752,1286,2.011
2012-03-05,1001,844,1813,1265,1.899
2012-03-06,1001,957,1645,1275,0.0
2012-03-07,1001,755,1739,1157,0.0
2012-03-08,1001,886,1533,1216,9.932
2012-03-09,1001,891,1697,1296,0.758
2012-03-10,1001,968,1779,1366,1.441
2012-03-11,1001,1342,1855,1403,1.481
2012-03-12,1001,1003,1833,1197,0.0
2012-03-13,1001,968,1795,1268,9.699
2012-03-14,1001,824,1977,1280,4.994
2012-03-15,1001,1135,1862,1509,7.17
2012-03-16,1001,974,1755,1336,1.43
2012-03-17,1001,1023,1866,1362,0.0
2012-03-18,1001,868,1884,1323,0.0
2012-03-19,1001,965,1883,1306,0.0
2012-03-20,1001,1013,1497,1205,1.729
2012-03-21,1001,1065,1654,1366,2.814
2012-03-22,1001,911,1687,1328,0.0
2012-03-23,1001,979,2023,1365,0.0
2012-03-24,1001,1048,1853,1389,2.41
2012-03-25,1001,1058,1656,1395,1.935
2012-03-26,1001,1097,1676,1412,0.0
2012-03-27,1001,1494,1998,1626,1.62
2012-03-28,1001,1164,1881,1478,2.84
2012-03-29,1001,1080,2211,1577,1.031
2012-03-30,1001,1282,1874,1458,1.915
2012-03-31,1001,1129,1691,1468,0.838
2012-04-01,1001,1115,1828,1467,1.368
2012-04-02,1001,1018,1818,1390,0.0
2012-04-03,1001,1243,2127,1487,1.25
2012-04-04,1001,1121,1708,1435,0.0
2012-04-05,1001,1188,1767,1385,5.005
2012-04-06,1001,982,1988,1472,2.314
2012-04-07,1001,1021,2057,1487,0.8
2012-04-08,1001,1243,1698,1324,0.0
2012-04-09,1001,1287,2171,1624,3.677
2012-04-10,1001,1166,2088,1540,0.0
2012-04-11,1001,1278,2019,1541,2.231
2012-04-12,1001,987,1728,1326,0.788
2012-04-13,1001,1086,2094,1531,1.994
2012-04-14,1001,1100,1895,1458,0.0
2012-04-15,1001,1056,1815,1453,0.0
2012-04-16,1001,1404,1983,1606,1.949
2012-04-17,1001,1337,2248,1622,5.042
2012-04-18,1001,1194,2189,1582,4.151
2012-04-19,1001,997,1853,1424,0.91
2012-04-20,1001,1432,2239,1655,2.459
2012-04-21,1001,1167,1965,1554,2.323
2012-04-22,1001,1060,1961,1460,0.0
2012-04-23,1001,1229,2038,1484,2.713
2012-04-24,1001,1008,2051,1473,0.0
2012-04-25,1001,1320,2170,1651,0.736
2012-04-26,1001,1262,2067,1607,0.913
2012-04-27,1001,1046,1810,1422,0.0
2012-04-28,1001,1431,1853,1643,0.0
2012-04-29,1001,1061,1925,1424,0.0
2012-04-30,1001,1323,2055,1521,0.0
2012-05-01,1001,1365,1947,1581,1.578
2012-05-02,1001,1121,1955,1477,0.811
2012-05-03,1001,1239,2179,1608,0.354
2012-05-04,1001,1241,1823,1540,1.997
2012-05-05,1001,1346,2016,1600,0.675
2012-05-06,1001,1044,2152,1456,2.34
2012-05-07,1001,1202,1911,1550,2.7
2012-05-08,1001,930,2119,1374,1.32
2012-05-09,1001,1195,2230,1492,5.346
2012-05-10,1001,1351,2059,1663,0.0
2012-05-11,1001,1382,2096,1662,2.112
2012-05-12,1001,1264,2229,1566,0.0
2012-05-13,1001,1149,1801,1477,2.72
2012-05-14,1001,1259,2053,1563,0.0
2012-05-15,1001,1035,2132,1493,4.098
2012-05-16,1001,1321,2107,1512,0.879
2012-05-17,1001,1272,2171,1577,13.91
2012-05-18,1001,1055,1979,1427,0.539
2012-05-19,1001,988,2014,1391,0.0
2012-05-20,1001,1301,2089,1613,1.464
2012-05-21,1001,1138,1918,1467,0.419
2012-05-22,1001,1217,1870,1522,3.96
2012-05-23,1001,1148,1970,1521,0.0
2012-05-24,1001,1235,2048,1513,0.0
2012-05-25,1001,1152,2296,1579,2.862
2012-05-26,1001,1298,2237,1541,3.317
2012-05-27,1001,1254,2198,1585,0.646
2012-05-28,1001,1111,1913,1401,1.924
2012-05-29,1001,1267,2103,1510,2.486
2012-05-30,1001,1261,2333,1525,0.0
2012-05-31,1001,1289,1730,1405,2.19
2012-06-01,1001,1178,2059,1509,2.272
2012-06-02,1001,1210,1871,1496,2.759
2012-06-03,1001,1303,1897,1521,0.0
2012-06-04,1001,1135,1984,1522,2.176
2012-06-05,1001,1073,1964,1391,10.364
2012-06-06,1001,1065,1632,1323,0.0
2012-06-07,1001,1150,2081,1498,0.077
2012-06-08,1001,980,1786,1398,0.1
2012-06-09,1001,996,2173,1469,0.0
2012-06-10,1001,1109,1889,1508,0.0
2012-06-11,1001,1169,1935,1470,3.763
2012-06-12,1001,983,1926,1354,2.775
2012-06-13,1001,1152,1677,1360,0.0
2012-06-14,1001,1147,2035,1500,0.0
2012-06-15,1001,1003,1793,1237,2.103
2012-06-16,1001,1126,1906,1431,0.0
2012-06-17,1001,940,1775,1291,0.818
2012-06-18,1001,1044,1772,1276,0.0
2012-06-19,1001,1076,1702,1332,1.771
2012-06-20,1001,910,1619,1185,0.0
2012-06-21,1001,1012,1999,1372,1.012
2012-06-22,1001,980,1807,1362,0.0
2012-06-23,1001,873,1906,1268,0.459
2012-06-24,1001,927,1640,1216,0.265
2012-06-25,1001,899,1726,1255,0.585
2012-06-26,1001,939,1690,1138,0.0
2012-06-27,1001,945,1762,1261,0.0
2012-06-28,1001,889,1901,1325,1.074
2012-06-29,1001,945,1541,1209,1.91
2012-06-30,1001,942,1752,1298,1.644
2012-07-01,1001,944,1688,1172,4.589
2012-07-02,1001,760,1732,1145,0.0
2012-07-03,1001,957,1339,1149,0.0
2012-07-04,1001,799,1354,1084,0.0
2012-07-05,1001,819,1479,1166,0.0
2012-07-06,1001,812,1475,1103,0.878
2012-07-07,1001,828,1793,1151,2.444
2012-07-08,1001,797,1559,1217,0.0
2012-07-09,1001,637,1564,1049,0.0
2012-07-10,1001,594,1321,1126,0.0
2012-07-11,1001,999,1819,1233,2.486
2012-07-12,1001,759,1473,1025,1.591
2012-07-13,1001,630,1435,1027,0.0
2012-07-14,1001,840,1531,1054,2.636
2012-07-15,1001,704,1513,1010,1.744
2012-07-16,1001,522,1353,938,0.0
2012-07-17,1001,622,1454,1031,3.267
2012-07-18,1001,658,1411,897,0.0
2012-07-19,1001,507,1415,944,0.0
2012-07-20,1001,616,1273,964,2.422
2012-07-21,1001,652,1463,1003,1.783
2012-07-22,1001,533,1447,1012,0.0
2012-07-23,1001,608,1501,965,1.165
2012-07-24,1001,670,1344,848,5.356
2012-07-25,1001,530,1238,885,0.0
2012-07-26,1001,791,1712,1151,5.453
2012-07-27,1001,548,1390,894,0.0
2012-07-28,1001,453,1259,853,2.185
2012-07-29,1001,666,1464,997,0.0
2012-07-30,1001,589,1287,915,2.384
2012-07-31,1001,677,1418,1015,0.0
2012-08-01,1001,401,1114,842,0.0
2012-08-02,1001,524,1249,784,0.0
2012-08-03,1001,637,1234,882,0.453
2012-08-04,1001,413,1131,820,0.0
2012-08-05,1001,584,1443,971,0.8
2012-08-06,1001,475,1356,813,0.0
2012-08-07,1001,341,1023,678,0.252
2012-08-08,1001,377,1342,822,1.274
2012-08-09,1001,269,1181,644,1.482
2012-08-10,1001,485,1341,860,0.0
2012-08-11,1001,386,1321,779,1.792
2012-08-12,1001,518,1287,734,1.732
2012-08-13,1001,387,1163,746,1.192
2012-08-14,1001,420,1133,664,1.238
2012-08-15,1001,504,1120,763,0.0
2012-08-16,1001,173,1060,646,1.218
2012-08-17,1001,390,1410,779,1.556
2012-08-18,1001,235,975,713,0.0
2012-08-19,1001,410,1179,727,0.0
2012-08-20,1001,508,1211,794,0.709
2012-08-21,1001,347,917,583,0.0
2012-08-22,1001,348,1053,629,1.088
2012-08-23,1001,225,1196,614,0.529
2012-08-24,1001,374,917,592,0.8
2012-08-25,1001,156,876,532,1.285
2012-08-26,1001,473,1208,761,0.194
2012-08-27,1001,111,1020,574,0.0
2012-08-28,1001,350,1172,623,0.0
2012-08-29,1001,105,897,500,3.265
2012-08-30,1001,337,1178,611,0.0
2012-08-31,1001,220,1041,523,0.0
2012-09-01,1001,240,1061,528,0.0
2012-09-02,1001,112,958,603,3.855
2012-09-03,1001,259,1014,690,0.59
2012-09-04,1001,327,1020,493,0.767
2012-09-05,1001,28,1018,494,1.499
2012-09-06,1001,92,1229,458,0.0
2012-09-07,1001,94,1085,407,0.824
2012-09-08,1001,210,820,515,2.168
2012-09-09,1001,293,832,563,0.0
2012-09-10,1001,164,839,469,0.447
2012-09-11,1001,164,774,407,0.0
2012-09-12,1001,217,1015,532,1.005
2012-09-13,1001,67,784,348,1.152
2012-09-14,1001,62,717,413,1.773
2012-09-15,1001,181,1064,484,0.655
2012-09-16,1001,96,867,476,0.0
2012-09-17,1001,35,993,462,1.822
2012-09-18,1001,168,958,496,4.832
2012-09-19,1001,45,850,350,0.956
2012-09-20,1001,62,718,330,0.363
2012-09-21,1001,102,669,374,0.0
2012-09-22,1001,-74,617,343,0.0
2012-09-23,1001,19,856,377,1.065
2012-09-24,1001,169,912,404,1.389
2012-09-25,1001,147,881,319,0.0
2012-09-26,1001,32,713,356,1.693
2012-09-27,1001,110,877,526,5.139
2012-09-28,1001,75,830,339,3.611
2012-09-29,1001,-110,723,238,0.446
2012-09-30,1001,-66,690,436,0.0
2012-10-01,1001,21,805,250,0.0
2012-10-02,1001,-27,909,248,0.946
2012-10-03,1001,44,862,254,0.0
2012-10-04,1001,72,743,325,0.0
2012-10-05,1001,22,783,277,4.613
2012-10-06,1001,-120,827,238,1.922
2012-10-07,1001,-76,829,233,1.072
2012-10-08,1001,16,915,280,1.831
2012-10-09,1001,-78,891,285,0.982
2012-10-10,1001,-15,695,311,0.0
2012-10-11,1001,-108,918,201,0.0
2012-10-12,1001,-17,650,216,0.0
2012-10-13,1001,-278,538,110,0.41
2012-10-14,1001,-4,919,375,0.18
2012-10-15,1001,-58,883,335,0.0
2012-10-16,1001,-81,779,273,0.0
2012-10-17,1001,-92,757,223,0.0
2012-10-18,1001,-141,898,189,0.0
2012-10-19,1001,-20,855,260,0.43
2012-10-20,1001,34,611,231,0.0
2012-10-21,1001,-115,596,206,1.494
2012-10-22,1001,-15,721,281,2.638
2012-10-23,1001,-65,615,326,2.113
2012-10-24,1001,-32,1064,250,1.32
2012-10-25,1001,-70,864,211,3.176
2012-10-26,1001,-107,673,250,0.0
2012-10-27,1001,-69,507,212,0.0
2012-10-28,1001,-18,712,280,4.182
2012-10-29,1001,-35,896,300,1.964
2012-10-30,1001,-82,537,230,3.369
2012-10-31,1001,-199,1007,324,2.555
2012-11-01,1001,-109,897,220,6.817
2012-11-02,1001,-178,771,222,4.561
2012-11-03,1001,-280,714,105,0.0
2012-11-04,1001,-123,821,233,0.0
2012-11-05,1001,-8,751,359,1.639
2012-11-06,1001,-84,617,245,0.0
2012-11-07,1001,-89,678,287,0.0
2012-11-08,1001,10,793,314,0.0
2012-11-09,1001,-13,604,277,1.38
2012-11-10,1001,34,1067,338,0.0
2012-11-11,1001,-78,713,253,7.86
2012-11-12,1001,-142,691,127,0.0
2012-11-13,1001,78,877,351,3.646
2012-11-14,1001,-35,870,197,1.841
2012-11-15,1001,-86,726,206,5.452
2012-11-16,1001,-9,878,206,2.732
2012-11-17,1001,-74,761,228,5.116
2012-11-18,1001,-40,687,315,7.56
2012-11-19,1001,-140,1056,291,0.0
2012-11-20,1001,5,987,370,9.909
2012-11-21,1001,43,741,306,0.0
2012-11-22,1001,-104,614,220,4.161
2012-11-23,1001,-114,813,230,0.0
2012-11-24,1001,-5,610,332,3.954
2012-11-25,1001,-23,874,385,0.0
2012-11-26,1001,1,665,298,2.429
2012-11-27,1001,3,570,304,0.804
2012-11-28,1001,363,973,491,5.043
2012-11-29,1001,-157,683,311,1.506
2012-11-30,1001,-80,784,292,3.592
2012-12-01,1001,98,608,236,2.88
2012-12-02,1001,236,704,322,3.523
2012-12-03,1001,-40,768,295,4.876
2012-12-04,1001,-37,878,371,4.326
2012-12-05,1001,366,820,495,3.393
2012-12-06,1001,-158,845,296,1.671
2012-12-07,1001,106,928,476,2.467
2012-12-08,1001,112,864,418,0.0
2012-12-09,1001,165,1095,439,0.868
2012-12-10,1001,43,936,361,0.0
2012-12-11,1001,-194,678,279,0.0
2012-12-12,1001,260,1086,581,7.574
2012-12-13,1001,-53,574,396,9.859
2012-12-14,1001,-57,775,389,1.736
2012-12-15,1001,28,764,301,5.857
2012-12-16,1001,123,1042,552,0.0
2012-12-17,1001,102,1074,392,0.799
2012-12-18,1001,219,1162,503,0.0
2012-12-19,1001,235,972,536,0.0
2012-12-20,1001,238,771,401,0.0
2012-12-21,1001,257,1096,541,6.267
2012-12-22,1001,89,943,381,0.0
2012-12-23,1001,278,1241,568,0.0
2012-12-24,1001,105,1083,491,2.441
2012-12-25,1001,32,875,443,1.673
2012-12-26,1001,84,953,402,3.239
2012-12-27,1001,198,885,619,0.91
2012-12-28,1001,430,972,547,1.855
2012-12-29,1001,384,1042,509,10.893
2012-12-30,1001,31,996,471,2.688
2012-12-31,1001,352,1012,717,0.0
2013-01-01,1001,334,1037,645,14.07
2013-01-02,1001,395,1052,657,0.0
2013-01-03,1001,331,1063,697,2.716
2013-01-04,1001,303,1092,575,4.409
2013-01-05,1001,224,999,575,1.121
2013-01-06,1001,366,958,725,0.0
2013-01-07,1001,441,1002,666,0.0
2013-01-08,1001,195,1189,637,2.482
2013-01-09,1001,448,1318,699,3.333
2013-01-10,1001,413,1035,722,0.0
2013-01-11,1001,294,1146,636,3.044
2013-01-12,1001,522,1406,749,5.308
2013-01-13,1001,367,1321,664,5.074
2013-01-14,1001,417,1259,704,0.185
2013-01-15,1001,624,1289,829,0.0
2013-01-16,1001,380,1062,678,2.277
2013-01-17,1001,377,1221,624,0.156
2013-01-18,1001,329,1268,760,7.798
2013-01-19,1001,342,1103,814,0.381
2013-01-20,1001,407,1360,747,0.0
2013-01-21,1001,340,1288,793,6.812
2013-01-22,1001,347,1320,697,6.717
2013-01-23,1001,398,1366,795,4.257
2013-01-24,1001,560,1296,875,1.057
2013-01-25,1001,415,1292,843,1.842
2013-01-26,1001,739,1355,1020,0.0
2013-01-27,1001,807,1644,1057,1.341
2013-01-28,1001,548,1348,884,1.418
2013-01-29,1001,508,1381,862,2.965
2013-01-30,1001,788,1401,955,2.214
2013-01-31,1001,729,1311,938,0.0
2013-02-01,1001,521,1305,933,0.0
2013-02-02,1001,847,1745,1083,0.0
2013-02-03,1001,817,1400,971,3.393
2013-02-04,1001,558,1171,996,0.0
2013-02-05,1001,756,1516,1070,0.0
2013-02-06,1001,657,1419,1012,0.75
2013-02-07,1001,630,1413,980,0.0
2013-02-08,1001,790,1588,1009,1.329
2013-02-09,1001,619,1440,981,7.745
2013-02-10,1001,697,1527,993,6.436
2013-02-11,1001,741,1390,1024,0.417
2013-02-12,1001,509,1200,936,0.0
2013-02-13,1001,781,1553,1081,0.64
2013-02-14,1001,794,1796,1029,0.658
2013-02-15,1001,743,1363,1045,0.0
2013-02-16,1001,888,1461,1164,0.0
2013-02-17,1001,495,1545,1015,0.0
2013-02-18,1001,818,1827,1151,0.0
2013-02-19,1001,679,1799,1115,4.135
2013-02-20,1001,531,1569,964,0.0
2013-02-21,1001,780,1621,1142,10.095
2013-02-22,1001,913,1610,1270,0.0
2013-02-23,1001,1006,1628,1165,0.0
2013-02-24,1001,976,1701,1230,4.9
2013-02-25,1001,837,1628,1240,0.207
2013-02-26,1001,813,1628,1175,3.099
2013-02-27,1001,939,1508,1212,1.829
2013-02-28,1001,809,1547,1239,0.0
2013-03-01,1001,916,1809,1143,1.311
2013-03-02,1001,1036,1564,1209,3.777
2013-03-03,1001,887,1468,1128,3.127
2013-03-04,1001,913,1580,1212,3.737
2013-03-05,1001,1050,1856,1296,0.204
2013-03-06,1001,819,1583,1199,0.0
2013-03-07,1001,733,1739,1236,1.69
2013-03-08,1001,926,1932,1274,0.0
2013-03-09,1001,884,1866,1200,2.864
2013-03-10,1001,839,1954,1319,0.0
2013-03-11,1001,1091,1480,1193,2.762
2013-03-12,1001,1068,2120,1442,2.859
2013-03-13,1001,957,1802,1391,0.0
2013-03-14,1001,997,1748,1267,0.804
2013-03-15,1001,1275,2141,1530,2.575
2013-03-16,1001,957,1747,1407,1.859
2013-03-17,1001,1140,2090,1531,4.407
2013-03-18,1001,1081,1822,1410,0.0
2013-03-19,1001,1182,1665,1360,1.444
2013-03-20,1001,888,1895,1363,1.127
2013-03-21,1001,1106,2030,1444,6.413
2013-03-22,1001,986,1840,1320,4.913
2013-03-23,1001,923,1780,1236,1.981
2013-03-24,1001,972,1819,1319,4.86
2013-03-25,1001,1007,1952,1469,0.501
2013-03-26,1001,980,1841,1463,0.0
2013-03-27,1001,1110,1986,1412,7.023
2013-03-28,1001,1244,1833,1387,0.0
2013-03-29,1001,1058,1973,1414,7.962
2013-03-30,1001,1050,2078,1398,0.365
2013-03-31,1001,1129,2155,1443,0.0
2013-04-01,1001,1170,1978,1421,0.0
2013-04-02,1001,1054,2112,1426,4.131
2013-04-03,1001,1071,2239,1462,0.0
2013-04-04,1001,1343,2007,1600,0.0
2013-04-05,1001,913,1795,1314,4.237
2013-04-06,1001,1139,2238,1537,0.0
2013-04-07,1001,1142,1865,1521,5.231
2013-04-08,1001,1196,1977,1491,0.184
2013-04-09,1001,1155,2063,1570,0.0
2013-04-10,1001,1064,1798,1466,0.0
2013-04-11,1001,1283,1877,1455,1.585
2013-04-12,1001,1173,2124,1540,0.0
2013-04-13,1001,1047,1806,1442,0.539
2013-04-14,1001,1011,1878,1495,5.758
2013-04-15,1001,1343,2097,1549,0.0
2013-04-16,1001,1193,1974,1569,2.844
2013-04-17,1001,1326,2042,1491,0.0
2013-04-18,1001,962,2016,1375,1.778
2013-04-19,1001,1162,1889,1621,0.0
2013-04-20,1001,1300,2183,1574,4.34
2013-04-21,1001,1423,2000,1627,0.0
2013-04-22,1001,1075,1853,1516,0.0
2013-04-23,1001,1239,2102,1589,2.657
2013-04-24,1001,1309,1990,1540,0.513
2013-04-25,1001,1231,1981,1581,4.196
2013-04-26,1001,1114,1932,1446,0.0
2013-04-27,1001,1287,1835,1557,0.0
2013-04-28,1001,1393,1958,1522,1.801
2013-04-29,1001,969,2031,1514,0.0
2013-04-30,1001,1123,1774,1432,1.613
2013-05-01,1001,1285,1795,1515,2.27
2013-05-02,1001,1126,2062,1494,0.432
2013-05-03,1001,1140,1957,1523,1.984
2013-05-04,1001,1306,1973,1560,0.612
2013-05-05,1001,1220,2314,1608,0.976
2013-05-06,1001,1143,2029,1535,0.0
2013-05-07,1001,1174,1889,1480,1.269
2013-05-08,1001,1188,1758,1455,2.026
2013-05-09,1001,1286,2054,1631,8.449
2013-05-10,1001,1146,1861,1509,0.0
2013-05-11,1001,1058,2062,1524,0.0
2013-05-12,1001,1266,2104,1535,0.54
2013-05-13,1001,957,1876,1445,0.0
2013-05-14,1001,1157,2040,1595,0.348
2013-05-15,1001,1445,2039,1508,0.0
2013-05-16,1001,1083,1994,1515,2.501
2013-05-17,1001,1140,2074,1362,0.0
2013-05-18,1001,1142,1929,1470,1.452
2013-05-19,1001,1070,1980,1531,0.37
2013-05-20,1001,1196,2022,1487,0.0
2013-05-21,1001,1339,1930,1657,1.069
2013-05-22,1001,1081,2003,1546,2.398
2013-05-23,1001,1066,2182,1555,0.618
2013-05-24,1001,1250,2025,1516,2.59
2013-05-25,1001,1211,1997,1532,0.0
2013-05-26,1001,1068,1708,1451,4.248
2013-05-27,1001,1144,1877,1477,0.365
2013-05-28,1001,1137,2041,1507,1.171
2013-05-29,1001,1122,1968,1520,0.719
2013-05-30,1001,1154,1791,1405,0.46
2013-05-31,1001,1186,2024,1430,1.799
2013-06-01,1001,1269,1870,1541,0.712
2013-06-02,1001,1033,1927,1294,0.0
2013-06-03,1001,1105,2093,1447,0.901
2013-06-04,1001,1204,2123,1524,1.231
2013-06-05,1001,1015,1926,1406,3.879
2013-06-06,1001,1276,2065,1539,0.0
2013-06-07,1001,1124,1917,1425,2.689
2013-06-08,1001,1222,2059,1469,2.077
2013-06-09,1001,1071,1862,1393,0.0
2013-06-10,1001,845,1780,1333,0.0
2013-06-11,1001,1204,1738,1397,0.0
2013-06-12,1001,1173,1760,1404,3.221
2013-06-13,1001,884,1900,1370,2.596
2013-06-14,1001,834,1812,1356,0.0
2013-06-15,1001,1064,1881,1364,0.045
2013-06-16,1001,1044,2015,1458,0.384
2013-06-17,1001,848,1573,1220,0.0
2013-06-18,1001,1084,1845,1369,1.405
2013-06-19,1001,982,1669,1339,4.051
2013-06-20,1001,1047,1839,1359,0.0
2013-06-21,1001,1087,2042,1261,0.0
2013-06-22,1001,932,1892,1271,1.84
2013-06-23,1001,1027,1885,1299,3.102
2013-06-24,1001,753,1703,1235,2.076
2013-06-25,1001,795,1718,1179,0.0
2013-06-26,1001,1032,1856,1395,0.0
2013-06-27,1001,864,1414,1155,0.752
2013-06-28,1001,842,1828,1205,0.857
2013-06-29,1001,983,1892,1375,1.623
2013-06-30,1001,876,1435,1136,0.0
2013-07-01,1001,583,1637,1155,0.462
2013-07-02,1001,788,1734,1237,0.055
2013-07-03,1001,944,1754,1219,0.0
2013-07-04,1001,807,1618,1194,0.0
2013-07-05,1001,949,1762,1261,3.384
2013-07-06,1001,914,1823,1236,0.0
2013-07-07,1001,715,1367,1115,0.0
2013-07-08,1001,735,1612,1054,2.727
2013-07-09,1001,938,1594,1194,0.0
2013-07-10,1001,951,1940,1288,0.0
2013-07-11,1001,669,1402,995,0.0
2013-07-12,1001,674,1739,1164,2.039
2013-07-13,1001,638,1565,967,0.0
2013-07-14,1001,844,1652,1109,2.434
2013-07-15,1001,721,1453,1132,0.0
2013-07-16,1001,717,1509,1025,0.0
2013-07-17,1001,897,1789,1107,0.343
2013-07-18,1001,709,1501,969,2.195
2013-07-19,1001,716,1438,1046,1.804
2013-07-20,1001,815,1452,1105,1.849
2013-07-21,1001,892,1313,1064,2.007
2013-07-22,1001,548,1538,1024,1.367
2013-07-23,1001,843,1242,1120,2.684
2013-07-24,1001,782,1529,1066,1.824
2013-07-25,1001,587,1553,988,0.0
2013-07-26,1001,598,1402,1004,1.234
2013-07-27,1001,594,1526,1029,0.892
2013-07-28,1001,430,1151,885,0.0
2013-07-29,1001,574,1476,935,0.0
2013-07-30,1001,482,1461,854,2.185
2013-07-31,1001,581,1397,889,1.856
2013-08-01,1001,636,1376,1017,0.0
2013-08-02,1001,571,1390,966,0.0
2013-08-03,1001,638,1380,918,0.432
2013-08-04,1001,624,1388,954,4.059
2013-08-05,1001,585,1429,862,1.587
2013-08-06,1001,541,1285,792,0.0
2013-08-07,1001,483,1409,803,1.635
2013-08-08,1001,583,1496,958,3.309
2013-08-09,1001,477,1318,684,0.0
2013-08-10,1001,407,1193,765,0.0
2013-08-11,1001,445,1211,847,0.517
2013-08-12,1001,485,1185,730,1.293
2013-08-13,1001,289,1291,757,1.542
2013-08-14,1001,512,1246,727,0.654
2013-08-15,1001,434,1192,753,1.443
2013-08-16,1001,356,1430,707,0.0
2013-08-17,1001,420,1337,752,1.197
2013-08-18,1001,319,1256,745,0.403
2013-08-19,1001,284,1200,631,0.0
2013-08-20,1001,237,1084,580,0.0
2013-08-21,1001,398,1255,539,0.0
2013-08-22,1001,275,919,635,0.473
2013-08-23,1001,321,1043,731,0.0
2013-08-24,1001,-27,1034,534,0.0
2013-08-25,1001,121,1264,621,2.204
2013-08-26,1001,274,1203,717,4.243
2013-08-27,1001,296,1110,658,0.0
2013-08-28,1001,259,1272,578,1.272
2013-08-29,1001,256,807,544,0.0
2013-08-30,1001,311,1065,522,2.807
2013-08-31,1001,233,807,514,0.0
2013-09-01,1001,345,1062,587,2.767
2013-09-02,1001,125,949,553,1.943
2013-09-03,1001,219,1244,535,0.346
2013-09-04,1001,346,1126,693,3.301
2013-09-05,1001,248,1101,463,2.498
2013-09-06,1001,144,1180,532,2.088
2013-09-07,1001,419,1076,533,0.032
2013-09-08,1001,98,881,537,0.196
2013-09-09,1001,275,868,487,0.22
2013-09-10,1001,324,1079,540,2.304
2013-09-11,1001,222,704,487,3.074
2013-09-12,1001,171,1064,543,0.0
2013-09-13,1001,-23,731,391,0.0
2013-09-14,1001,180,1184,545,0.494
2013-09-15,1001,57,989,411,0.0
2013-09-16,1001,85,795,411,0.413
2013-09-17,1001,-109,1117,331,1.308
2013-09-18,1001,174,857,397,0.944
2013-09-19,1001,306,992,494,0.0
2013-09-20,1001,-182,834,376,0.0
2013-09-21,1001,125,1085,534,3.915
2013-09-22,1001,-62,677,273,0.607
2013-09-23,1001,-13,732,377,4.051
2013-09-24,1001,-95,892,301,0.0
2013-09-25,1001,-136,854,381,0.727
2013-09-26,1001,-145,719,334,1.145
2013-09-27,1001,95,696,269,1.102
2013-09-28,1001,-17,940,331,2.586
2013-09-29,1001,-137,788,260,2.529
2013-09-30,1001,-47,764,337,10.342
2013-10-01,1001,-32,892,270,0.0
2013-10-02,1001,-38,488,309,1.61
2013-10-03,1001,-25,785,322,1.742
2013-10-04,1001,-8,895,243,0.0
2013-10-05,1001,-288,680,188,3.686
2013-10-06,1001,53,852,461,0.926
2013-10-07,1001,-54,911,373,0.782
2013-10-08,1001,160,1000,447,2.773
2013-10-09,1001,-256,429,108,0.876
2013-10-10,1001,-259,719,219,1.521
2013-10-11,1001,-178,668,223,3.561
2013-10-12,1001,-286,545,90,0.74
2013-10-13,1001,218,848,377,0.389
2013-10-14,1001,-77,1032,385,0.0
2013-10-15,1001,-7,912,307,2.135
2013-10-16,1001,-191,615,192,0.0
2013-10-17,1001,66,1055,463,4.238
2013-10-18,1001,40,711,327,1.375
2013-10-19,1001,92,872,292,0.0
2013-10-20,1001,-188,609,163,0.532
2013-10-21,1001,-209,686,145,0.0
2013-10-22,1001,-31,773,219,0.0
2013-10-23,1001,-116,765,224,3.303
2013-10-24,1001,105,631,299,2.287
2013-10-25,1001,124,999,301,3.966
2013-10-26,1001,134,675,276,1.305
2013-10-27,1001,-108,919,307,10.086
2013-10-28,1001,-43,965,260,3.772
2013-10-29,1001,176,938,409,0.0
2013-10-30,1001,-110,844,189,3.419
2013-10-31,1001,12,770,362,3.237
2013-11-01,1001,-39,592,331,0.0
2013-11-02,1001,-121,803,229,1.259
2013-11-03,1001,-44,727,283,0.0
2013-11-04,1001,52,689,161,3.325
2013-11-05,1001,-90,826,229,1.537
2013-11-06,1001,-295,570,183,3.816
2013-11-07,1001,-81,735,261,0.965
2013-11-08,1001,99,449,209,3.085
2013-11-09,1001,55,849,347,2.737
2013-11-10,1001,-49,748,241,1.245
2013-11-11,1001,-124,658,318,1.641
2013-11-12,1001,11,812,179,6.531
2013-11-13,1001,-262,1022,254,8.346
2013-11-14,1001,-176,528,231,2.244
2013-11-15,1001,-12,717,215,0.0
2013-11-16,1001,-20,752,260,0.624
2013-11-17,1001,-83,769,285,3.94
2013-11-18,1001,-261,595,161,2.746
2013-11-19,1001,-9,653,270,3.432
2013-11-20,1001,-236,627,116,11.764
2013-11-21,1001,-110,875,346,1.142
2013-11-22,1001,35,673,211,1.759
2013-11-23,1001,-143,738,236,2.118
2013-11-24,1001,89,876,396,1.694
2013-11-25,1001,58,917,362,0.0
2013-11-26,1001,-49,699,335,0.0
2013-11-27,1001,-120,833,306,2.714
2013-11-28,1001,101,831,385,4.774
2013-11-29,1001,-33,738,264,4.26
2013-11-30,1001,-151,876,224,0.514
2013-12-01,1001,-97,909,322,4.432
2013-12-02,1001,62,777,273,1.093
2013-12-03,1001,3,1073,389,0.344
2013-12-04,1001,-230,820,170,0.0
2013-12-05,1001,39,1015,418,6.525
2013-12-06,1001,-72,847,417,0.0
2013-12-07,1001,300,870,525,0.0
2013-12-08,1001,53,902,346,0.0
2013-12-09,1001,70,835,338,0.674
2013-12-10,1001,102,766,295,0.0
2013-12-11,1001,145,830,378,0.0
2013-12-12,1001,36,979,309,0.0
2013-12-13,1001,116,809,352,3.113
2013-12-14,1001,-58,902,358,0.0
2013-12-15,1001,100,887,383,2.283
2013-12-16,1001,186,885,499,0.137
2013-12-17,1001,137,766,425,1.825
2013-12-18,1001,154,896,449,6.159
2013-12-19,1001,194,1018,491,5.7
2013-12-20,1001,-28,780,425,6.695
2013-12-21,1001,27,805,409,0.0
2013-12-22,1001,73,779,491,5.769
2013-12-23,1001,135,1006,396,1.361
2013-12-24,1001,134,1038,515,0.346
2013-12-25,1001,421,1036,568,2.97
2013-12-26,1001,525,1145,715,0.0
2013-12-27,1001,279,1258,601,0.0
2013-12-28,1001,189,1072,640,0.0
2013-12-29,1001,297,974,541,8.255
2013-12-30,1001,272,940,562,0.0
2013-12-31,1001,66,938,517,0.0
2014-01-01,1001,268,1056,572,0.0
2014-01-02,1001,223,1086,558,3.847
2014-01-03,1001,328,982,582,1.696
2014-01-04,1001,181,998,588,5.884
2014-01-05,1001,272,1204,735,4.501
2014-01-06,1001,472,1266,659,0.0
2014-01-07,1001,435,1089,684,3.819
2014-01-08,1001,437,1178,710,0.0
2014-01-09,1001,283,982,721,0.0
2014-01-10,1001,100,1268,570,1.973
2014-01-11,1001,204,1146,524,0.0
2014-01-12,1001,278,1151,700,0.0
2014-01-13,1001,369,1196,670,0.0
2014-01-14,1001,420,1343,838,10.762
2014-01-15,1001,449,1409,718,0.0
2014-01-16,1001,551,1463,936,5.189
2014-01-17,1001,678,1256,931,0.0
2014-01-18,1001,383,1309,712,4.827
2014-01-19,1001,258,1039,696,4.421
2014-01-20,1001,583,1247,792,0.0
2014-01-21,1001,466,1379,895,6.511
2014-01-22,1001,391,1068,705,5.884
2014-01-23,1001,616,1239,779,0.897
2014-01-24,1001,406,1184,804,6.832
2014-01-25,1001,591,1068,848,0.0
2014-01-26,1001,561,1022,716,2.069
2014-01-27,1001,630,1345,982,3.117
2014-01-28,1001,822,1506,1018,0.121
2014-01-29,1001,550,1383,839,0.962
2014-01-30,1001,493,1287,849,0.0
2014-01-31,1001,446,1155,846,1.895
2014-02-01,1001,635,1558,907,0.48
2014-02-02,1001,813,1545,909,0.0
2014-02-03,1001,617,1593,918,3.917
2014-02-04,1001,591,1481,932,1.004
2014-02-05,1001,698,1496,979,2.15
2014-02-06,1001,444,1473,881,1.79
2014-02-07,1001,856,1652,1063,0.0
2014-02-08,1001,854,1606,1107,6.363
2014-02-09,1001,674,1381,1019,0.0
2014-02-10,1001,506,1190,927,3.545
2014-02-11,1001,875,1412,1137,0.344
2014-02-12,1001,780,1567,1031,1.435
2014-02-13,1001,919,1309,1052,0.0
2014-02-14,1001,936,1568,1108,2.451
2014-02-15,1001,893,1600,1183,0.0
2014-02-16,1001,790,1455,1027,5.249
2014-02-17,1001,721,1724,977,4.327
2014-02-18,1001,870,1890,1308,5.277
2014-02-19,1001,650,1296,983,0.0
2014-02-20,1001,672,1455,994,3.608
2014-02-21,1001,651,1549,1036,13.675
2014-02-22,1001,841,1675,1127,0.0
2014-02-23,1001,765,1582,1177,2.614
2014-02-24,1001,559,1631,990,0.0
2014-02-25,1001,726,1602,1151,0.0
2014-02-26,1001,909,1559,1188,0.0
2014-02-27,1001,793,1642,1125,0.0
2014-02-28,1001,789,1760,1211,3.574
2014-03-01,1001,1045,1752,1345,3.44
2014-03-02,1001,909,1652,1193,3.241
2014-03-03,1001,1106,1631,1290,0.0
2014-03-04,1001,1027,1801,1335,0.0
2014-03-05,1001,898,1771,1293,0.673
2014-03-06,1001,814,1680,1252,7.406
2014-03-07,1001,1015,1891,1285,5.329
2014-03-08,1001,1231,1684,1335,0.0
2014-03-09,1001,1269,1801,1382,2.848
2014-03-10,1001,843,1752,1228,0.0
2014-03-11,1001,1104,1964,1374,2.682
2014-03-12,1001,1000,1688,1249,0.378
2014-03-13,1001,886,1436,1285,2.058
2014-03-14,1001,853,1718,1278,1.184
2014-03-15,1001,877,1839,1211,3.461
2014-03-16,1001,1013,1793,1302,0.0
2014-03-17,1001,1131,2005,1440,0.0
2014-03-18,1001,1165,1860,1434,0.0
2014-03-19,1001,1094,1928,1259,2.876
2014-03-20,1001,993,1884,1396,1.87
2014-03-21,1001,843,1869,1310,2.947
2014-03-22,1001,900,1805,1268,0.0
2014-03-23,1001,994,2066,1319,2.893
2014-03-24,1001,1041,1698,1363,0.0
2014-03-25,1001,1136,1966,1438,0.845
2014-03-26,1001,1172,1887,1512,0.201
2014-03-27,1001,894,2001,1377,0.397
2014-03-28,1001,1183,2052,1512,0.0
2014-03-29,1001,1234,1984,1436,0.0
2014-03-30,1001,1045,1890,1500,1.14
2014-03-31,1001,1060,1859,1499,3.042
2014-04-01,1001,1197,1634,1409,0.0
2014-04-02,1001,1101,1903,1425,4.473
2014-04-03,1001,1176,1792,1389,0.645
2014-04-04,1001,1247,2288,1647,3.687
2014-04-05,1001,1169,1868,1437,0.0
2014-04-06,1001,1264,2074,1486,0.0
2014-04-07,1001,1260,2291,1566,5.632
2014-04-08,1001,1059,1795,1418,4.937
2014-04-09,1001,1077,2023,1534,1.657
2014-04-10,1001,1251,1988,1493,0.0
2014-04-11,1001,955,1769,1357,0.0
2014-04-12,1001,1047,1825,1444,0.0
2014-04-13,1001,1284,1847,1507,1.967
2014-04-14,1001,1238,2195,1563,1.139
2014-04-15,1001,1192,2017,1536,3.984
2014-04-16,1001,1100,1679,1379,1.902
2014-04-17,1001,1057,1822,1383,3.067
2014-04-18,1001,1050,1943,1473,2.719
2014-04-19,1001,1100,1857,1457,0.0
2014-04-20,1001,1045,2115,1447,4.903
2014-04-21,1001,1315,2223,1723,0.524
2014-04-22,1001,1198,2035,1466,0.0
2014-04-23,1001,1267,1974,1554,1.26
2014-04-24,1001,1289,1988,1508,0.0
2014-04-25,1001,1172,1800,1434,2.147
2014-04-26,1001,1140,1927,1507,0.0
2014-04-27,1001,1150,2199,1443,0.0
2014-04-28,1001,1087,1798,1521,0.657
2014-04-29,1001,1322,2283,1689,0.0
2014-04-30,1001,1320,1979,1474,0.0
2014-05-01,1001,1256,2098,1558,1.601
2014-05-02,1001,1497,2094,1766,0.0
2014-05-03,1001,1428,1925,1605,0.679
2014-05-04,1001,1411,2134,1650,0.182
2014-05-05,1001,1177,1897,1519,0.0
2014-05-06,1001,1517,1914,1517,0.0
2014-05-07,1001,1085,1682,1494,0.0
2014-05-08,1001,977,1958,1594,0.0
2014-05-09,1001,1303,1725,1582,1.795
2014-05-10,1001,1382,2092,1675,2.371
2014-05-11,1001,793,1878,1397,0.0
2014-05-12,1001,1239,1898,1552,3.54
2014-05-13,1001,1182,2248,1645,2.037
2014-05-14,1001,1345,1909,1566,4.283
2014-05-15,1001,1212,1911,1546,1.524
2014-05-16,1001,1396,2056,1658,2.826
2014-05-17,1001,1455,1980,1577,0.0
2014-05-18,1001,1358,2277,1604,4.443
2014-05-19,1001,1068,2157,1518,3.954
2014-05-20,1001,1100,1809,1421,0.736
2014-05-21,1001,1352,2173,1583,4.159
2014-05-22,1001,1233,1984,1476,0.056
2014-05-23,1001,1222,1867,1414,3.928
2014-05-24,1001,1055,1853,1447,2.372
2014-05-25,1001,1278,2226,1551,1.451
2014-05-26,1001,1117,2087,1504,2.942
2014-05-27,1001,991,1878,1396,0.728
2014-05-28,1001,1072,1927,1454,4.127
2014-05-29,1001,912,1928,1402,2.436
2014-05-30,1001,1045,2101,1306,1.513
2014-05-31,1001,1063,1860,1479,0.0
2014-06-01,1001,1148,1681,1403,0.0
2014-06-02,1001,1025,1783,1388,0.0
2014-06-03,1001,1157,1950,1487,0.66
2014-06-04,1001,1311,2144,1541,0.0
2014-06-05,1001,1141,2048,1416,0.617
2014-06-06,1001,1104,1958,1460,0.0
2014-06-07,1001,1368,2034,1551,1.92
2014-06-08,1001,1075,1787,1304,1.051
2014-06-09,1001,1212,1731,1323,0.755
2014-06-10,1001,1141,1880,1475,0.984
2014-06-11,1001,1127,1806,1403,3.016
2014-06-12,1001,1065,1976,1394,0.0
2014-06-13,1001,1304,2021,1510,0.714
2014-06-14,1001,940,1762,1298,0.694
2014-06-15,1001,919,1992,1338,4.584
2014-06-16,1001,1081,1785,1399,0.0
2014-06-17,1001,1027,1987,1331,1.211
2014-06-18,1001,1120,1705,1294,0.0
2014-06-19,1001,1034,1705,1434,1.065
2014-06-20,1001,1117,1765,1353,3.163
2014-06-21,1001,890,1644,1316,0.0
2014-06-22,1001,924,1640,1281,0.0
2014-06-23,1001,1134,1831,1363,1.088
2014-06-24,1001,882,1577,1161,0.0
2014-06-25,1001,953,1667,1315,0.089
2014-06-26,1001,933,1784,1252,0.0
2014-06-27,1001,918,1859,1312,0.0
2014-06-28,1001,1030,1569,1333,0.0
2014-06-29,1001,1011,2063,1433,1.628
2014-06-30,1001,888,1928,1295,1.431
2014-07-01,1001,1024,1751,1272,0.0
2014-07-02,1001,786,1931,1237,0.0
2014-07-03,1001,562,1511,1077,0.0
2014-07-04,1001,847,1672,1118,1.358
2014-07-05,1001,836,1702,1184,2.182
2014-07-06,1001,791,1529,1159,1.965
2014-07-07,1001,955,1648,1238,0.135
2014-07-08,1001,712,1438,1037,0.0
2014-07-09,1001,872,1901,1238,1.376
2014-07-10,1001,1022,1785,1232,0.135
2014-07-11,1001,882,1634,1082,0.363
2014-07-12,1001,706,1378,977,0.879
2014-07-13,1001,600,1311,915,2.009
2014-07-14,1001,822,1600,1253,0.208
2014-07-15,1001,776,1471,1060,4.685
2014-07-16,1001,696,1364,1015,2.235
2014-07-17,1001,778,1692,1082,0.0
2014-07-18,1001,807,1427,1130,0.0
2014-07-19,1001,1134,1571,1279,1.548
2014-07-20,1001,391,1250,840,0.0
2014-07-21,1001,510,1363,931,0.493
2014-07-22,1001,605,1636,1043,0.0
2014-07-23,1001,728,1394,1031,0.0
2014-07-24,1001,660,1272,901,0.615
2014-07-25,1001,818,1515,1031,0.24
2014-07-26,1001,810,1504,1035,0.0
2014-07-27,1001,645,1457,1072,4.86
2014-07-28,1001,613,1538,959,0.0
2014-07-29,1001,470,1372,889,0.209
2014-07-30,1001,525,1247,823,1.959
2014-07-31,1001,585,1307,960,2.944
2014-08-01,1001,866,1536,992,0.0
2014-08-02,1001,399,1327,820,1.531
2014-08-03,1001,531,1308,873,1.015
2014-08-04,1001,615,1442,844,2.03
2014-08-05,1001,578,1414,962,4.052
2014-08-06,1001,386,1259,737,0.723
2014-08-07,1001,397,1289,751,0.0
2014-08-08,1001,563,1309,917,1.958
2014-08-09,1001,362,1286,752,0.0
2014-08-10,1001,411,1466,879,0.0
2014-08-11,1001,631,1131,866,1.325
2014-08-12,1001,531,1190,779,0.396
2014-08-13,1001,586,1187,849,1.272
2014-08-14,1001,508,1158,733,0.0
2014-08-15,1001,49,1095,582,0.0
2014-08-16,1001,526,1245,762,2.343
2014-08-17,1001,338,1219,732,3.757
2014-08-18,1001,267,1095,640,0.0
2014-08-19,1001,381,1113,635,3.761
2014-08-20,1001,408,1158,757,2.134
2014-08-21,1001,257,1355,652,0.0
2014-08-22,1001,398,1034,696,2.594
2014-08-23,1001,316,1141,623,0.0
2014-08-24,1001,488,1207,724,0.0
2014-08-25,1001,279,891,556,0.611
2014-08-26,1001,425,836,562,0.0
2014-08-27,1001,376,1042,644,1.054
2014-08-28,1001,126,1008,590,0.315
2014-08-29,1001,109,1094,423,1.635
2014-08-30,1001,137,845,605,2.096
2014-08-31,1001,206,1099,617,0.279
2014-09-01,1001,212,1093,628,1.056
2014-09-02,1001,377,968,634,0.0
2014-09-03,1001,272,1081,584,0.0
2014-09-04,1001,476,1098,602,0.0
2014-09-05,1001,165,903,428,1.875
2014-09-06,1001,378,1246,594,1.476
2014-09-07,1001,269,1079,622,2.173
2014-09-08,1001,230,907,465,0.0
2014-09-09,1001,345,1190,602,1.399
2014-09-10,1001,255,1098,483,0.0
2014-09-11,1001,113,992,414,2.461
2014-09-12,1001,305,820,428,5.857
2014-09-13,1001,140,991,426,1.189
2014-09-14,1001,109,813,351,4.768
2014-09-15,1001,306,765,509,3.407
2014-09-16,1001,274,1047,567,6.195
2014-09-17,1001,-69,886,286,0.0
2014-09-18,1001,176,840,430,1.831
2014-09-19,1001,92,924,414,0.0
2014-09-20,1001,185,896,389,0.0
2014-09-21,1001,110,861,328,0.0
2014-09-22,1001,8,927,387,0.0
2014-09-23,1001,175,975,526,2.805
2014-09-24,1001,270,867,507,6.273
2014-09-25,1001,-90,718,314,6.674
2014-09-26,1001,-38,861,373,0.631
2014-09-27,1001,99,787,317,0.767
2014-09-28,1001,187,815,365,0.0
2014-09-29,1001,181,1010,477,1.648
2014-09-30,1001,13,667,303,1.96
2014-10-01,1001,55,890,324,0.705
2014-10-02,1001,21,717,285,0.923
2014-10-03,1001,131,819,314,0.461
2014-10-04,1001,217,736,337,3.666
2014-10-05,1001,-69,901,247,3.45
2014-10-06,1001,230,911,356,0.0
2014-10-07,1001,-61,928,430,2.04
2014-10-08,1001,-86,616,130,1.307
2014-10-09,1001,-155,770,309,1.155
2014-10-10,1001,-138,754,373,0.0
2014-10-11,1001,37,844,373,1.232
2014-10-12,1001,-219,712,184,1.486
2014-10-13,1001,-158,560,115,1.11
2014-10-14,1001,12,791,247,1.415
2014-10-15,1001,32,654,342,0.0
2014-10-16,1001,-12,632,243,2.986
2014-10-17,1001,-101,585,158,5.799
2014-10-18,1001,114,798,295,0.0
2014-10-19,1001,-68,1067,353,2.029
2014-10-20,1001,123,865,302,4.959
2014-10-21,1001,47,732,259,2.124
2014-10-22,1001,-272,632,164,0.617
2014-10-23,1001,19,804,310,1.422
2014-10-24,1001,-130,644,194,2.86
2014-10-25,1001,-210,693,218,0.0
2014-10-26,1001,-133,851,202,5.968
2014-10-27,1001,-229,760,179,1.238
2014-10-28,1001,-137,1063,338,1.144
2014-10-29,1001,-70,600,192,1.167
2014-10-30,1001,-277,535,124,1.049
2014-10-31,1001,-118,701,205,0.0
2014-11-01,1001,130,780,380,1.379
2014-11-02,1001,-82,809,254,0.0
2014-11-03,1001,-206,627,193,0.836
2014-11-04,1001,156,948,357,0.0
2014-11-05,1001,-274,591,91,3.239
2014-11-06,1001,-18,623,240,0.0
2014-11-07,1001,-127,607,203,6.318
2014-11-08,1001,-133,803,204,3.445
2014-11-09,1001,38,904,353,2.434
2014-11-10,1001,9,781,292,2.473
2014-11-11,1001,2,1030,308,0.0
2014-11-12,1001,166,925,387,3.242
2014-11-13,1001,-91,816,245,1.035
2014-11-14,1001,75,914,327,0.0
2014-11-15,1001,-84,943,348,1.543
2014-11-16,1001,123,631,245,0.0
2014-11-17,1001,159,877,363,0.0
2014-11-18,1001,-49,740,202,0.933
2014-11-19,1001,81,683,295,4.11
2014-11-20,1001,-31,1035,410,3.513
2014-11-21,1001,-129,843,246,7.661
2014-11-22,1001,-191,569,105,3.455
2014-11-23,1001,-10,819,312,1.175
2014-11-24,1001,-35,541,265,0.0
2014-11-25,1001,-58,760,291,0.0
2014-11-26,1001,-30,477,215,0.0
2014-11-27,1001,-217,733,211,2.374
2014-11-28,1001,102,797,373,0.0
2014-11-29,1001,-146,664,233,0.0
2014-11-30,1001,-72,819,379,0.0
2014-12-01,1001,17,688,269,0.412
2014-12-02,1001,78,871,369,1.865
2014-12-03,1001,-49,1056,435,0.0
2014-12-04,1001,10,620,187,1.676
2014-12-05,1001,-184,629,190,7.33
2014-12-06,1001,173,856,445,0.0
2014-12-07,1001,24,807,393,8.403
2014-12-08,1001,58,1029,383,2.269
2014-12-09,1001,115,809,493,0.0
2014-12-10,1001,82,912,438,1.945
2014-12-11,1001,76,857,458,0.0
2014-12-12,1001,187,1145,514,0.0
2014-12-13,1001,242,951,439,1.39
2014-12-14,1001,281,1344,572,3.736
2014-12-15,1001,15,756,347,0.0
2014-12-16,1001,-6,936,348,0.0
2014-12-17,1001,268,1087,447,0.0
2014-12-18,1001,47,889,352,3.998
2014-12-19,1001,173,730,408,5.501
2014-12-20,1001,223,947,461,1.157
2014-12-21,1001,227,1112,522,3.853
2014-12-22,1001,82,691,353,1.245
2014-12-23,1001,107,1021,489,0.0
2014-12-24,1001,42,1053,421,4.768
2014-12-25,1001,252,915,609,0.0
2014-12-26,1001,171,947,470,0.0
2014-12-27,1001,-115,1016,462,0.0
2014-12-28,1001,18,1144,547,5.677
2014-12-29,1001,186,1047,583,0.0
2014-12-30,1001,240,1029,569,0.774
2014-12-31,1001,275,1065,687,1.444
2015-01-01,1001,319,1161,677,0.0
2015-01-02,1001,380,1159,594,5.683
2015-01-03,1001,122,763,550,4.339
2015-01-04,1001,449,1160,665,4.517
2015-01-05,1001,178,1295,597,1.971
2015-01-06,1001,378,1160,616,1.678
2015-01-07,1001,315,994,616,0.0
2015-01-08,1001,234,1068,554,5.648
2015-01-09,1001,323,1096,578,2.979
2015-01-10,1001,280,1296,688,2.574
2015-01-11,1001,211,1166,670,2.553
2015-01-12,1001,249,1344,622,0.706
2015-01-13,1001,257,1388,640,4.192
2015-01-14,1001,467,999,752,2.022
2015-01-15,1001,334,1385,686,1.945
2015-01-16,1001,456,1243,811,1.548
2015-01-17,1001,704,1191,816,2.285
2015-01-18,1001,227,1238,831,3.358
2015-01-19,1001,581,1516,849,0.0
2015-01-20,1001,487,1341,719,0.0
2015-01-21,1001,419,1483,798,9.611
2015-01-22,1001,603,1217,920,3.645
2015-01-23,1001,423,1196,826,0.0
2015-01-24,1001,591,1649,925,1.325
2015-01-25,1001,738,1416,917,0.166
2015-01-26,1001,633,1249,946,4.172
2015-01-27,1001,496,1317,847,7.748
2015-01-28,1001,479,1017,740,0.402
2015-01-29,1001,390,1232,756,0.716
2015-01-30,1001,590,1443,864,0.0
2015-01-31,1001,753,1374,953,0.0
2015-02-01,1001,688,1373,1048,4.703
2015-02-02,1001,678,1253,903,0.0
2015-02-03,1001,625,1571,889,3.453
2015-02-04,1001,729,1590,924,8.001
2015-02-05,1001,624,1425,921,6.961
2015-02-06,1001,703,1401,921,2.265
2015-02-07,1001,847,1512,1109,1.066
2015-02-08,1001,814,1574,1067,1.538
2015-02-09,1001,712,1370,959,1.388
2015-02-10,1001,749,1571,997,2.586
2015-02-11,1001,779,1431,1081,1.462
2015-02-12,1001,589,1519,931,0.0
2015-02-13,1001,858,1525,1111,7.944
2015-02-14,1001,697,1562,1042,0.975
2015-02-15,1001,791,1606,1185,5.413
2015-02-16,1001,575,1354,1002,0.847
2015-02-17,1001,801,1656,1106,5.913
2015-02-18,1001,669,1171,990,0.0
2015-02-19,1001,790,1714,1226,2.388
2015-02-20,1001,721,1639,1097,0.0
2015-02-21,1001,758,1413,986,0.0
2015-02-22,1001,931,1883,1140,1.626
2015-02-23,1001,815,1577,1151,1.15
2015-02-24,1001,871,1781,1203,1.416
2015-02-25,1001,866,1678,1110,0.0
2015-02-26,1001,805,1670,1201,2.317
2015-02-27,1001,881,1565,1252,0.0
2015-02-28,1001,1129,1925,1388,2.292
2015-03-01,1001,1050,1560,1160,9.612
2015-03-02,1001,650,1829,1134,0.0
2015-03-03,1001,1019,1723,1242,0.0
2015-03-04,1001,957,1652,1157,3.421
2015-03-05,1001,1073,2068,1318,0.0
2015-03-06,1001,831,1892,1247,0.52
2015-03-07,1001,895,1613,1182,0.0
2015-03-08,1001,1043,1845,1317,0.0
2015-03-09,1001,1013,1941,1307,1.677
2015-03-10,1001,829,1862,1252,0.0
2015-03-11,1001,1009,1825,1384,1.153
2015-03-12,1001,863,1833,1311,2.722
2015-03-13,1001,902,1738,1178,6.354
2015-03-14,1001,1007,1739,1287,0.0
2015-03-15,1001,943,1738,1254,0.0
2015-03-16,1001,1083,1719,1382,0.0
2015-03-17,1001,1058,1880,1434,2.511
2015-03-18,1001,1046,1623,1343,5.945
2015-03-19,1001,989,1941,1373,0.353
2015-03-20,1001,1078,1940,1468,4.128
2015-03-21,1001,1211,1824,1440,0.48
2015-03-22,1001,982,1688,1421,0.0
2015-03-23,1001,1222,2264,1518,2.412
2015-03-24,1001,1140,1874,1409,0.529
2015-03-25,1001,1031,1824,1364,0.0
2015-03-26,1001,1320,1978,1554,1.359
2015-03-27,1001,1295,2086,1573,5.374
2015-03-28,1001,951,1747,1331,1.369
2015-03-29,1001,890,1935,1491,0.0
2015-03-30,1001,1143,1922,1425,1.956
2015-03-31,1001,1193,1936,1500,1.453
2015-04-01,1001,1117,1915,1579,0.0
2015-04-02,1001,1293,1956,1461,5.56
2015-04-03,1001,1263,1794,1528,0.0
2015-04-04,1001,1314,2161,1513,2.672
2015-04-05,1001,1265,1981,1492,0.0
2015-04-06,1001,1161,1868,1568,4.437
2015-04-07,1001,803,1851,1261,0.0
2015-04-08,1001,1144,2063,1499,0.457
2015-04-09,1001,1114,2056,1458,2.679
2015-04-10,1001,1310,2157,1565,0.0
2015-04-11,1001,1039,1784,1357,0.522
2015-04-12,1001,1061,1981,1492,0.0
2015-04-13,1001,1146,2044,1511,6.828
2015-04-14,1001,1244,1920,1494,2.466
2015-04-15,1001,1076,1877,1408,0.0
2015-04-16,1001,1327,2019,1457,3.562
2015-04-17,1001,1252,2073,1404,0.757
2015-04-18,1001,1205,1823,1496,5.812
2015-04-19,1001,1155,2179,1591,0.0
2015-04-20,1001,1384,2179,1598,3.457
2015-04-21,1001,1405,2256,1638,0.205
2015-04-22,1001,1110,1864,1481,0.0
2015-04-23,1001,1018,1882,1400,0.0
2015-04-24,1001,1144,2174,1503,0.0
2015-04-25,1001,1349,2133,1609,0.0
2015-04-26,1001,1291,2087,1625,1.727
2015-04-27,1001,1004,2150,1591,4.625
2015-04-28,1001,1307,1950,1484,2.038
2015-04-29,1001,1124,1730,1531,0.0
2015-04-30,1001,1056,1788,1452,1.328
2015-05-01,1001,1477,2084,1677,2.693
2015-05-02,1001,1330,1847,1405,0.282
2015-05-03,1001,1067,2125,1560,0.0
2015-05-04,1001,1482,2425,1673,0.0
2015-05-05,1001,1208,1974,1493,1.115
2015-05-06,1001,1262,2155,1518,0.0
2015-05-07,1001,1380,2302,1652,0.0
2015-05-08,1001,1161,1841,1478,0.0
2015-05-09,1001,1400,2089,1636,0.345
2015-05-10,1001,1195,2070,1568,1.118
2015-05-11,1001,1036,1980,1515,0.644
2015-05-12,1001,1007,1836,1425,0.0
2015-05-13,1001,1234,2173,1590,0.0
2015-05-14,1001,1226,1997,1522,0.205
2015-05-15,1001,1404,2135,1582,0.213
2015-05-16,1001,1420,2129,1722,2.767
2015-05-17,1001,1250,2066,1581,0.0
2015-05-18,1001,1083,2058,1511,0.0
2015-05-19,1001,1315,2072,1539,0.789
2015-05-20,1001,1001,1720,1343,1.308
2015-05-21,1001,1044,1962,1508,0.717
2015-05-22,1001,1257,1893,1591,2.025
2015-05-23,1001,1023,1906,1440,0.0
2015-05-24,1001,1451,2188,1643,0.0
2015-05-25,1001,1213,1989,1455,5.643
2015-05-26,1001,1097,1849,1504,6.044
2015-05-27,1001,1131,1925,1441,0.0
2015-05-28,1001,1255,2059,1516,0.748
2015-05-29,1001,1136,1982,1487,0.0
2015-05-30,1001,1044,2040,1526,0.158
2015-05-31,1001,1036,1850,1415,0.0
2015-06-01,1001,1022,1896,1368,0.831
2015-06-02,1001,1022,1832,1446,0.0
2015-06-03,1001,1273,2036,1449,0.0
2015-06-04,1001,1021,1682,1302,4.471
2015-06-05,1001,1118,2017,1406,5.775
2015-06-06,1001,1053,1907,1340,0.0
2015-06-07,1001,1027,1938,1377,0.0
2015-06-08,1001,1216,2038,1519,0.807
2015-06-09,1001,1088,1866,1327,6.589
2015-06-10,1001,990,1859,1321,0.0
2015-06-11,1001,1079,1817,1322,0.0
2015-06-12,1001,1163,1808,1400,0.0
2015-06-13,1001,984,1611,1334,2.446
2015-06-14,1001,905,1738,1224,0.87
2015-06-15,1001,986,1566,1263,0.852
2015-06-16,1001,985,1974,1341,0.271
2015-06-17,1001,1001,2012,1326,0.0
2015-06-18,1001,969,1722,1338,3.292
2015-06-19,1001,927,1907,1321,1.527
2015-06-20,1001,988,1803,1348,2.578
2015-06-21,1001,820,1937,1206,1.562
2015-06-22,1001,652,1448,1148,0.0
2015-06-23,1001,1119,1805,1381,0.0
2015-06-24,1001,860,1669,1265,0.552
2015-06-25,1001,1046,1781,1219,0.844
2015-06-26,1001,979,1483,1190,3.49
2015-06-27,1001,971,1809,1247,5.089
2015-06-28,1001,823,1736,1179,0.0
2015-06-29,1001,872,1798,1228,1.236
2015-06-30,1001,970,1748,1308,1.673
2015-07-01,1001,796,1763,1225,1.058
2015-07-02,1001,1015,1641,1223,2.067
2015-07-03,1001,866,1668,1216,1.02
2015-07-04,1001,661,1553,1117,0.234
2015-07-05,1001,882,1680,1199,0.0
2015-07-06,1001,1004,1888,1259,2.892
2015-07-07,1001,786,1656,1155,2.639
2015-07-08,1001,786,1778,1216,1.835
2015-07-09,1001,742,1773,1121,0.666
2015-07-10,1001,802,1669,1170,0.0
2015-07-11,1001,923,1612,1208,0.0
2015-07-12,1001,726,1602,1073,0.0
2015-07-13,1001,809,1562,1116,0.96
2015-07-14,1001,676,1577,1031,0.0
2015-07-15,1001,758,1683,1099,0.0
2015-07-16,1001,753,1329,1033,3.381
2015-07-17,1001,793,1561,1054,0.0
2015-07-18,1001,785,1491,1024,0.0
2015-07-19,1001,673,1467,1072,0.726
2015-07-20,1001,597,1642,1038,0.127
2015-07-21,1001,843,1397,983,0.759
2015-07-22,1001,624,1425,1000,1.106
2015-07-23,1001,864,1543,1257,1.14
2015-07-24,1001,496,1095,799,0.0
2015-07-25,1001,749,1336,868,4.152
2015-07-26,1001,480,1282,848,4.456
2015-07-27,1001,465,1342,871,1.926
2015-07-28,1001,525,1418,946,0.499
2015-07-29,1001,740,1445,1073,0.0
2015-07-30,1001,567,1217,823,0.0
2015-07-31,1001,596,1632,934,3.129
2015-08-01,1001,512,1270,904,0.537
2015-08-02,1001,377,1270,745,3.192
2015-08-03,1001,543,1268,836,0.0
2015-08-04,1001,668,1310,894,0.0
2015-08-05,1001,314,1192,823,0.0
2015-08-06,1001,487,1434,761,0.0
2015-08-07,1001,580,1170,715,0.0
2015-08-08,1001,466,1204,799,2.637
2015-08-09,1001,326,1374,778,2.935
2015-08-10,1001,509,976,749,2.833
2015-08-11,1001,463,1413,839,0.0
2015-08-12,1001,203,1080,751,1.165
2015-08-13,1001,448,1353,773,0.0
2015-08-14,1001,398,1159,780,1.712
2015-08-15,1001,384,925,728,1.518
2015-08-16,1001,447,1302,785,0.0
2015-08-17,1001,438,1229,833,0.0
2015-08-18,1001,203,752,476,0.0
2015-08-19,1001,455,1386,895,0.0
2015-08-20,1001,368,1076,658,0.564
2015-08-21,1001,246,1063,577,0.0
2015-08-22,1001,238,1207,661,0.0
2015-08-23,1001,26,928,553,0.729
2015-08-24,1001,191,1020,550,1.199
2015-08-25,1001,373,1067,548,0.745
2015-08-26,1001,331,1149,671,0.741
2015-08-27,1001,246,780,450,6.363
2015-08-28,1001,332,1169,624,2.523
2015-08-29,1001,234,1207,680,0.0
2015-08-30,1001,354,1189,614,2.368
2015-08-31,1001,162,1101,529,4.876
2015-09-01,1001,334,1093,568,0.0
2015-09-02,1001,-65,945,569,1.907
2015-09-03,1001,267,1047,504,1.735
2015-09-04,1001,273,1040,579,1.766
2015-09-05,1001,149,1125,530,1.13
2015-09-06,1001,92,1095,486,0.0
2015-09-07,1001,395,1019,576,0.0
2015-09-08,1001,66,1012,388,3.178
2015-09-09,1001,38,711,417,2.275
2015-09-10,1001,119,1043,531,0.868
2015-09-11,1001,6,1149,478,1.859
2015-09-12,1001,116,699,361,0.0
2015-09-13,1001,75,885,412,0.0
2015-09-14,1001,234,876,344,1.861
2015-09-15,1001,148,740,393,3.541
2015-09-16,1001,129,1048,391,4.394
2015-09-17,1001,4,917,423,0.0
2015-09-18,1001,136,837,456,0.0
2015-09-19,1001,-91,754,337,1.079
2015-09-20,1001,54,917,395,0.876
2015-09-21,1001,197,871,487,0.0
2015-09-22,1001,64,769,444,0.0
2015-09-23,1001,242,1129,482,0.0
2015-09-24,1001,207,1155,585,0.0
2015-09-25,1001,75,835,335,1.705
2015-09-26,1001,113,855,411,5.648
2015-09-27,1001,-1,695,315,0.0
2015-09-28,1001,3,574,320,1.154
2015-09-29,1001,168,817,388,0.796
2015-09-30,1001,-82,792,266,0.887
2015-10-01,1001,297,839,407,1.519
2015-10-02,1001,-55,837,256,1.552
2015-10-03,1001,86,832,384,0.0
2015-10-04,1001,-90,610,211,0.0
2015-10-05,1001,-8,655,293,1.053
2015-10-06,1001,-18,789,303,2.201
2015-10-07,1001,-133,520,160,0.0
2015-10-08,1001,-21,810,381,0.0
2015-10-09,1001,-193,807,163,0.0
2015-10-10,1001,245,847,430,5.496
2015-10-11,1001,-6,591,242,5.743
2015-10-12,1001,-145,456,123,0.0
2015-10-13,1001,-203,783,207,0.0
2015-10-14,1001,25,899,333,0.0
2015-10-15,1001,-19,661,230,3.517
2015-10-16,1001,-104,590,257,0.0
2015-10-17,1001,-2,637,273,4.271
2015-10-18,1001,-25,758,275,2.853
2015-10-19,1001,-77,759,283,0.194
2015-10-20,1001,48,920,283,1.392
2015-10-21,1001,-247,722,173,0.982
2015-10-22,1001,-39,764,317,0.753
2015-10-23,1001,-154,966,216,0.296
2015-10-24,1001,-58,988,313,3.03
2015-10-25,1001,-301,802,199,3.765
2015-10-26,1001,-265,404,84,1.15
2015-10-27,1001,-135,712,210,1.537
2015-10-28,1001,-128,710,261,4.223
2015-10-29,1001,-92,621,111,2.386
2015-10-30,1001,-204,818,209,0.0
2015-10-31,1001,-43,984,256,0.702
2015-11-01,1001,-99,660,224,3.389
2015-11-02,1001,119,717,345,0.0
2015-11-03,1001,-154,689,81,5.938
2015-11-04,1001,-115,550,182,5.643
2015-11-05,1001,-77,567,190,2.44
2015-11-06,1001,60,991,348,1.106
2015-11-07,1001,-152,560,143,0.0
2015-11-08,1001,-62,777,187,4.453
2015-11-09,1001,-5,854,269,5.042
2015-11-10,1001,-167,677,198,0.0
2015-11-11,1001,-70,755,214,1.628
2015-11-12,1001,216,1116,546,0.0
2015-11-13,1001,97,839,395,2.498
2015-11-14,1001,38,738,299,1.293
2015-11-15,1001,-262,616,199,2.039
2015-11-16,1001,-231,629,93,0.0
2015-11-17,1001,-256,838,217,0.982
2015-11-18,1001,-74,956,285,0.0
2015-11-19,1001,68,871,335,0.0
2015-11-20,1001,-59,871,314,2.172
2015-11-21,1001,8,979,293,1.081
2015-11-22,1001,71,530,381,5.688
2015-11-23,1001,-75,752,320,0.657
2015-11-24,1001,39,805,356,4.275
2015-11-25,1001,-48,989,329,0.0
2015-11-26,1001,-212,540,133,0.0
2015-11-27,1001,-7,895,290,0.0
2015-11-28,1001,-192,788,194,0.357
2015-11-29,1001,4,890,385,1.791
2015-11-30,1001,-76,734,363,4.79
2015-12-01,1001,-100,607,242,0.584
2015-12-02,1001,221,868,388,1.805
2015-12-03,1001,-48,939,281,7.379
2015-12-04,1001,8,695,232,8.139
2015-12-05,1001,94,908,410,0.883
2015-12-06,1001,-87,696,271,3.745
2015-12-07,1001,-2,806,357,3.252
2015-12-08,1001,360,1124,574,0.538
2015-12-09,1001,206,1131,596,1.319
2015-12-10,1001,246,1031,516,0.535
2015-12-11,1001,204,867,504,0.0
2015-12-12,1001,159,766,470,0.0
2015-12-13,1001,39,865,391,0.548
2015-12-14,1001,55,1032,415,1.044
2015-12-15,1001,49,597,392,0.0
2015-12-16,1001,204,826,488,3.122
2015-12-17,1001,189,917,474,0.0
2015-12-18,1001,-9,1081,398,0.0
2015-12-19,1001,212,1023,507,3.684
2015-12-20,1001,87,906,465,4.068
2015-12-21,1001,-145,939,484,0.0
2015-12-22,1001,1,779,405,9.844
2015-12-23,1001,188,1075,527,7.571
2015-12-24,1001,369,1233,545,0.0
2015-12-25,1001,116,999,533,6.963
2015-12-26,1001,408,1089,660,3.699
2015-12-27,1001,437,1110,621,0.0
2015-12-28,1001,194,776,514,1.492
2015-12-29,1001,129,1034,533,4.405
2015-12-30,1001,358,962,498,2.792
2015-12-31,1001,335,970,580,0.0
2016-01-01,1001,229,898,489,0.0
2016-01-02,1001,311,1053,530,0.0
2016-01-03,1001,235,1297,732,23.971
2016-01-04,1001,410,947,613,1.36
2016-01-05,1001,436,1192,611,4.787
2016-01-06,1001,288,862,598,3.157
2016-01-07,1001,130,994,616,0.489
2016-01-08,1001,222,1005,594,0.0
2016-01-09,1001,458,1077,715,7.249
2016-01-10,1001,334,1028,714,7.138
2016-01-11,1001,316,971,649,0.0
2016-01-12,1001,372,1430,781,9.731
2016-01-13,1001,230,1132,552,1.787
2016-01-14,1001,394,1250,709,1.143
2016-01-15,1001,367,1434,769,0.77
2016-01-16,1001,446,1313,740,3.694
2016-01-17,1001,442,1193,732,3.68
2016-01-18,1001,396,1021,715,1.139
2016-01-19,1001,387,1277,831,0.0
2016-01-20,1001,465,1379,742,0.0
2016-01-21,1001,446,1472,852,0.596
2016-01-22,1001,484,1332,828,2.677
2016-01-23,1001,445,1510,824,0.0
2016-01-24,1001,520,1247,803,0.0
2016-01-25,1001,419,1283,810,5.397
2016-01-26,1001,511,1208,817,2.508
2016-01-27,1001,336,1299,761,1.577
2016-01-28,1001,543,1641,813,1.01
2016-01-29,1001,468,1490,985,0.0
2016-01-30,1001,487,1221,723,0.0
2016-01-31,1001,560,1092,805,0.0
2016-02-01,1001,522,1208,933,1.73
2016-02-02,1001,491,1363,836,0.0
2016-02-03,1001,586,1183,851,0.0
2016-02-04,1001,629,1612,978,3.396
2016-02-05,1001,487,1447,838,0.0
2016-02-06,1001,674,1566,1013,1.104
2016-02-07,1001,575,1552,968,3.838
2016-02-08,1001,809,1398,1033,0.991
2016-02-09,1001,729,1571,1019,3.076
2016-02-10,1001,909,1681,1124,0.0
2016-02-11,1001,402,1232,849,2.675
2016-02-12,1001,653,1422,1011,1.887
2016-02-13,1001,841,1679,1080,0.924
2016-02-14,1001,525,1549,1019,3.215
2016-02-15,1001,851,1612,1154,8.568
2016-02-16,1001,830,1382,1128,0.802
2016-02-17,1001,915,1486,1161,0.0
2016-02-18,1001,818,1819,1160,0.828
2016-02-19,1001,778,1631,1097,0.931
2016-02-20,1001,977,1530,1188,3.862
2016-02-21,1001,757,1453,1038,5.099
2016-02-22,1001,873,1827,1190,3.369
2016-02-23,1001,778,1796,1184,4.257
2016-02-24,1001,1026,1712,1161,2.484
2016-02-25,1001,825,1616,1173,0.0
2016-02-26,1001,741,1408,1193,0.0
2016-02-27,1001,846,1656,1239,1.039
2016-02-28,1001,922,1876,1225,0.0
2016-02-29,1001,739,1624,1066,0.0
2016-03-01,1001,847,1563,1236,0.0
2016-03-02,1001,992,1566,1280,1.165
2016-03-03,1001,878,1679,1259,0.0
2016-03-04,1001,948,1913,1224,7.32
2016-03-05,1001,792,1534,1156,0.167
2016-03-06,1001,652,1570,1060,3.952
2016-03-07,1001,817,1685,1201,0.0
2016-03-08,1001,1116,1584,1244,0.944
2016-03-09,1001,1018,1588,1207,5.394
2016-03-10,1001,923,1638,1294,0.0
2016-03-11,1001,1045,1849,1376,2.004
2016-03-12,1001,986,1763,1326,4.881
2016-03-13,1001,1018,1592,1266,1.17
2016-03-14,1001,1015,1871,1324,0.0
2016-03-15,1001,1196,1888,1427,0.0
2016-03-16,1001,1190,1991,1363,4.024
2016-03-17,1001,1087,1978,1414,1.348
2016-03-18,1001,949,1933,1375,0.0
2016-03-19,1001,924,1568,1258,0.0
2016-03-20,1001,1223,2092,1551,0.0
2016-03-21,1001,1063,1649,1446,9.434
2016-03-22,1001,1055,1866,1380,0.0
2016-03-23,1001,1085,2016,1458,0.0
2016-03-24,1001,887,1864,1376,0.177
2016-03-25,1001,1224,1995,1523,4.186
2016-03-26,1001,1210,2019,1556,0.0
2016-03-27,1001,1140,1824,1391,0.735
2016-03-28,1001,1222,2038,1427,0.422
2016-03-29,1001,1135,2027,1426,0.712
2016-03-30,1001,1172,1973,1515,7.443
2016-03-31,1001,1173,1986,1455,2.237
2016-04-01,1001,1187,2002,1450,4.486
2016-04-02,1001,1068,1971,1376,3.591
2016-04-03,1001,1301,2212,1559,1.783
2016-04-04,1001,1283,1972,1469,2.908
2016-04-05,1001,1045,1910,1433,0.0
2016-04-06,1001,1190,1820,1447,0.193
2016-04-07,1001,1376,1957,1564,1.183
2016-04-08,1001,1233,2152,1580,4.688
2016-04-09,1001,1084,2173,1480,1.461
2016-04-10,1001,1254,2005,1522,0.624
2016-04-11,1001,1138,2114,1444,0.0
2016-04-12,1001,1363,2151,1619,0.0
2016-04-13,1001,1084,1942,1497,2.239
2016-04-14,1001,1101,1677,1467,0.0
2016-04-15,1001,1324,2026,1573,0.0
2016-04-16,1001,1209,2093,1533,3.178
2016-04-17,1001,1353,1914,1614,2.466
2016-04-18,1001,1255,1964,1459,0.0
2016-04-19,1001,1198,2208,1570,0.0
2016-04-20,1001,1155,2147,1521,0.441
2016-04-21,1001,1369,2266,1673,4.174
2016-04-22,1001,1236,1783,1521,0.0
2016-04-23,1001,1372,2158,1575,8.343
2016-04-24,1001,1225,1945,1529,0.0
2016-04-25,1001,1060,2152,1499,0.0
2016-04-26,1001,1227,2143,1572,4.501
2016-04-27,1001,1196,2134,1553,1.625
2016-04-28,1001,1216,1977,1466,1.727
2016-04-29,1001,1402,2042,1673,1.501
2016-04-30,1001,1271,2153,1635,1.356
2016-05-01,1001,1055,1905,1436,1.134
2016-05-02,1001,1366,2095,1583,4.044
2016-05-03,1001,1084,1998,1448,0.937
2016-05-04,1001,1259,1996,1598,0.0
2016-05-05,1001,1329,2205,1680,5.234
2016-05-06,1001,1373,2206,1694,0.122
2016-05-07,1001,1281,1894,1552,0.0
2016-05-08,1001,1226,2220,1583,0.0
2016-05-09,1001,1203,2292,1575,0.0
2016-05-10,1001,1238,1900,1475,0.0
2016-05-11,1001,1088,2318,1538,0.0
2016-05-12,1001,1368,2281,1562,0.0
2016-05-13,1001,1202,2036,1596,0.269
2016-05-14,1001,1219,1975,1597,0.0
2016-05-15,1001,1145,1947,1529,0.644
2016-05-16,1001,1150,1914,1583,0.0
2016-05-17,1001,1226,1954,1512,4.036
2016-05-18,1001,1048,1842,1470,1.4
2016-05-19,1001,1176,2098,1573,1.693
2016-05-20,1001,1140,1980,1531,2.003
2016-05-21,1001,1330,2203,1644,9.726
2016-05-22,1001,1120,2006,1463,0.0
2016-05-23,1001,1211,2214,1606,0.0
2016-05-24,1001,1209,1968,1525,1.542
2016-05-25,1001,956,2005,1439,0.607
2016-05-26,1001,1355,2166,1486,3.146
2016-05-27,1001,893,1932,1378,1.521
2016-05-28,1001,1210,1900,1471,1.712
2016-05-29,1001,1362,1754,1433,5.252
2016-05-30,1001,1137,1722,1457,0.0
2016-05-31,1001,1313,2168,1544,0.29
2016-06-01,1001,1227,1843,1421,0.342
2016-06-02,1001,1199,2101,1601,0.864
2016-06-03,1001,1242,2196,1568,0.0
2016-06-04,1001,1075,1990,1375,0.0
2016-06-05,1001,1109,1957,1516,0.0
2016-06-06,1001,1260,1737,1391,0.0
2016-06-07,1001,1117,1989,1513,0.0
2016-06-08,1001,1189,1921,1511,1.438
2016-06-09,1001,996,1978,1358,0.164
2016-06-10,1001,970,1908,1392,2.279
2016-06-11,1001,1225,1985,1507,1.486
2016-06-12,1001,1162,1933,1421,0.0
2016-06-13,1001,1039,1730,1294,0.0
2016-06-14,1001,1248,1821,1555,1.022
2016-06-15,1001,1116,1827,1385,2.313
2016-06-16,1001,1299,1551,1386,0.118
2016-06-17,1001,1170,2064,1370,0.248
2016-06-18,1001,1057,1623,1391,0.0
2016-06-19,1001,939,1884,1399,0.513
2016-06-20,1001,1281,1990,1443,0.468
2016-06-21,1001,949,1785,1220,0.0
2016-06-22,1001,1028,1910,1428,0.139
2016-06-23,1001,847,2026,1281,0.0
2016-06-24,1001,912,1714,1221,0.0
2016-06-25,1001,925,1944,1268,0.0
2016-06-26,1001,1052,1884,1311,0.0
2016-06-27,1001,935,1917,1318,0.71
2016-06-28,1001,853,1462,1160,0.0
2016-06-29,1001,897,1733,1250,3.036
2016-06-30,1001,806,1783,1194,0.737
2016-07-01,1001,1031,1738,1179,2.682
2016-07-02,1001,1094,1950,1368,0.0
2016-07-03,1001,1002,1628,1240,0.0
2016-07-04,1001,898,1659,1266,2.438
2016-07-05,1001,824,1480,1120,0.0
2016-07-06,1001,882,1684,1183,2.343
2016-07-07,1001,1004,1673,1207,0.304
2016-07-08,1001,729,1780,1137,4.494
2016-07-09,1001,854,1802,1245,0.0
2016-07-10,1001,829,1843,1244,0.0
2016-07-11,1001,771,1230,1115,0.0
2016-07-12,1001,456,1441,962,2.689
2016-07-13,1001,847,1649,1163,0.0
2016-07-14,1001,908,1375,1010,8.111
2016-07-15,1001,772,1585,1102,0.0
2016-07-16,1001,703,1728,1145,0.731
2016-07-17,1001,731,1545,978,0.0
2016-07-18,1001,909,1617,1157,0.0
2016-07-19,1001,869,1672,1085,0.642
2016-07-20,1001,812,1539,1103,1.188
2016-07-21,1001,720,1048,860,0.0
2016-07-22,1001,795,1681,1085,0.885
2016-07-23,1001,556,1311,901,0.346
2016-07-24,1001,498,1099,850,1.216
2016-07-25,1001,761,1577,941,0.0
2016-07-26,1001,596,1456,977,0.787
2016-07-27,1001,585,1379,1086,0.0
2016-07-28,1001,646,1541,955,0.167
2016-07-29,1001,449,1296,918,0.54
2016-07-30,1001,801,1557,1057,0.965
2016-07-31,1001,618,1405,968,1.311
2016-08-01,1001,764,1460,976,0.74
2016-08-02,1001,463,1230,859,0.351
2016-08-03,1001,748,1429,923,3.442
2016-08-04,1001,698,1618,953,1.168
2016-08-05,1001,407,1355,833,0.356
2016-08-06,1001,624,1462,897,0.96
2016-08-07,1001,541,1452,960,1.32
2016-08-08,1001,279,1221,676,0.35
2016-08-09,1001,494,1160,844,1.049
2016-08-10,1001,373,1256,746,0.0
2016-08-11,1001,493,1164,813,1.688
2016-08-12,1001,338,1370,743,1.145
2016-08-13,1001,342,1188,692,1.272
2016-08-14,1001,424,1293,756,0.0
2016-08-15,1001,199,1052,659,1.991
2016-08-16,1001,585,1278,709,0.493
2016-08-17,1001,449,1224,678,0.0
2016-08-18,1001,537,1303,807,1.87
2016-08-19,1001,407,1088,626,1.76
2016-08-20,1001,435,1191,731,4.342
2016-08-21,1001,359,1028,711,0.44
2016-08-22,1001,509,1170,670,0.0
2016-08-23,1001,137,967,554,0.0
2016-08-24,1001,332,996,659,3.127
2016-08-25,1001,193,1085,563,1.684
2016-08-26,1001,281,1367,600,0.0
2016-08-27,1001,245,1248,593,0.0
2016-08-28,1001,136,1060,500,0.0
2016-08-29,1001,107,883,430,1.096
2016-08-30,1001,175,1125,483,0.517
2016-08-31,1001,445,1036,726,1.917
2016-09-01,1001,89,1078,445,1.092
2016-09-02,1001,161,1175,597,0.0
2016-09-03,1001,314,1062,595,0.133
2016-09-04,1001,-65,916,468,0.922
2016-09-05,1001,309,1052,559,0.859
2016-09-06,1001,209,1055,562,1.747
2016-09-07,1001,357,970,548,1.863
2016-09-08,1001,157,1276,533,1.577
2016-09-09,1001,370,872,497,1.271
2016-09-10,1001,-131,671,303,0.0
2016-09-11,1001,316,1143,482,5.15
2016-09-12,1001,315,957,579,5.408
2016-09-13,1001,10,992,452,0.598
2016-09-14,1001,45,918,384,0.115
2016-09-15,1001,206,992,463,0.0
2016-09-16,1001,-48,836,383,2.598
2016-09-17,1001,37,614,337,0.0
2016-09-18,1001,32,903,388,1.393
2016-09-19,1001,61,770,363,0.0
2016-09-20,1001,-75,596,292,1.791
2016-09-21,1001,155,1043,377,3.854
2016-09-22,1001,186,631,328,2.144
2016-09-23,1001,102,962,412,2.564
2016-09-24,1001,40,985,320,0.0
2016-09-25,1001,106,1089,482,2.761
2016-09-26,1001,194,738,381,1.314
2016-09-27,1001,249,822,513,0.207
2016-09-28,1001,66,837,403,0.0
2016-09-29,1001,153,938,429,0.0
2016-09-30,1001,-44,802,312,0.0
2016-10-01,1001,-82,714,310,1.358
2016-10-02,1001,-61,845,243,2.408
2016-10-03,1001,-123,569,313,0.0
2016-10-04,1001,-28,563,205,0.77
2016-10-05,1001,-70,1013,305,1.814
2016-10-06,1001,-94,686,192,1.855
2016-10-07,1001,126,1121,437,0.821
2016-10-08,1001,-110,635,280,1.783
2016-10-09,1001,61,810,403,2.612
2016-10-10,1001,51,619,323,0.0
2016-10-11,1001,77,884,309,2.531
2016-10-12,1001,-37,847,377,0.694
2016-10-13,1001,-58,904,310,0.0
2016-10-14,1001,11,656,329,0.704
2016-10-15,1001,15,825,309,3.585
2016-10-16,1001,16,851,259,0.415
2016-10-17,1001,-138,552,96,0.0
2016-10-18,1001,-67,771,229,1.893
2016-10-19,1001,74,661,334,3.286
2016-10-20,1001,-229,603,119,0.266
2016-10-21,1001,-201,824,255,0.765
2016-10-22,1001,-255,624,259,5.838
2016-10-23,1001,68,796,323,0.657
2016-10-24,1001,-224,754,232,3.999
2016-10-25,1001,-131,617,289,0.572
2016-10-26,1001,-156,630,108,0.0
2016-10-27,1001,82,957,264,0.343
2016-10-28,1001,-104,715,274,0.0
2016-10-29,1001,-29,893,304,3.287
2016-10-30,1001,-94,633,247,0.0
2016-10-31,1001,83,857,220,3.156
2016-11-01,1001,134,1157,340,0.0
2016-11-02,1001,-8,671,325,0.561
2016-11-03,1001,-70,863,314,0.0
2016-11-04,1001,20,769,302,0.0
2016-11-05,1001,19,534,265,7.959
2016-11-06,1001,-143,735,178,1.266
2016-11-07,1001,-47,897,382,0.0
2016-11-08,1001,191,872,393,5.314
2016-11-09,1001,-109,719,202,0.0
2016-11-10,1001,-161,459,181,2.9
2016-11-11,1001,27,1007,364,0.0
2016-11-12,1001,-31,748,292,1.282
2016-11-13,1001,-164,711,174,1.58
2016-11-14,1001,-74,673,219,6.986
2016-11-15,1001,-17,689,301,0.0
2016-11-16,1001,-136,655,133,2.803
2016-11-17,1001,-162,757,280,0.0
2016-11-18,1001,-218,777,211,1.2
2016-11-19,1001,-91,693,271,0.0
2016-11-20,1001,119,1021,267,1.274
2016-11-21,1001,73,892,363,4.667
2016-11-22,1001,-87,688,193,0.0
2016-11-23,1001,70,999,290,0.0
2016-11-24,1001,-198,788,159,0.0
2016-11-25,1001,-1,782,340,0.0
2016-11-26,1001,140,695,402,3.575
2016-11-27,1001,180,777,361,1.49
2016-11-28,1001,-17,916,425,0.0
2016-11-29,1001,-53,954,286,4.047
2016-11-30,1001,229,755,452,0.0
2016-12-01,1001,-17,797,285,1.126
2016-12-02,1001,114,993,404,3.449
2016-12-03,1001,44,715,323,0.0
2016-12-04,1001,148,1054,427,1.635
2016-12-05,1001,32,1118,329,7.347
2016-12-06,1001,79,840,383,0.0
2016-12-07,1001,-65,735,324,0.0
2016-12-08,1001,-42,866,369,0.0
2016-12-09,1001,63,927,400,4.066
2016-12-10,1001,193,776,358,0.0
2016-12-11,1001,111,701,325,5.287
2016-12-12,1001,85,673,392,2.769
2016-12-13,1001,72,900,459,0.0
2016-12-14,1001,38,1024,425,0.0
2016-12-15,1001,166,813,456,2.48
2016-12-16,1001,152,929,556,1.274
2016-12-17,1001,200,1057,567,2.483
2016-12-18,1001,104,1169,519,7.878
2016-12-19,1001,228,957,550,0.0
2016-12-20,1001,50,930,450,2.877
2016-12-21,1001,154,868,497,0.828
2016-12-22,1001,155,899,403,0.0
2016-12-23,1001,186,948,526,0.0
2016-12-24,1001,103,1124,539,2.203
2016-12-25,1001,264,1126,610,0.0
2016-12-26,1001,291,1022,528,0.0
2016-12-27,1001,438,997,624,3.413
2016-12-28,1001,266,1194,515,1.549
2016-12-29,1001,368,996,583,1.245
2016-12-30,1001,425,1214,666,1.253
2016-12-31,1001,342,1207,672,1.815
2017-01-01,1001,313,1107,627,6.116
2017-01-02,1001,297,976,613,3.858
2017-01-03,1001,201,966,602,0.788
2017-01-04,1001,205,1118,669,12.709
2017-01-05,1001,332,1151,591,2.754
2017-01-06,1001,573,1277,740,2.347
2017-01-07,1001,403,1058,649,0.0
2017-01-08,1001,399,1294,710,8.975
2017-01-09,1001,431,1228,711,5.544
2017-01-10,1001,273,1118,644,0.089
2017-01-11,1001,276,986,580,7.808
2017-01-12,1001,371,1202,787,2.423
2017-01-13,1001,461,1162,612,1.594
2017-01-14,1001,595,1347,782,2.19
2017-01-15,1001,594,1195,870,0.0
2017-01-16,1001,585,1276,906,11.544
2017-01-17,1001,591,1146,886,2.089
2017-01-18,1001,458,1391,810,2.151
2017-01-19,1001,273,1384,703,2.844
2017-01-20,1001,604,1435,972,3.257
2017-01-21,1001,543,1257,852,2.111
2017-01-22,1001,684,1366,915,2.25
2017-01-23,1001,329,1100,681,3.221
2017-01-24,1001,665,1153,788,0.0
2017-01-25,1001,550,1471,890,0.0
2017-01-26,1001,545,1246,782,3.706
2017-01-27,1001,514,1189,734,2.003
2017-01-28,1001,476,1100,791,4.307
2017-01-29,1001,584,1484,854,3.003
2017-01-30,1001,346,1593,919,2.233
2017-01-31,1001,580,1421,977,2.722
2017-02-01,1001,549,1332,830,0.053
2017-02-02,1001,652,1619,945,0.46
2017-02-03,1001,455,1305,888,3.974
2017-02-04,1001,533,1194,811,1.195
2017-02-05,1001,516,1560,972,4.953
2017-02-06,1001,678,1507,953,1.981
2017-02-07,1001,682,1509,919,0.0
2017-02-08,1001,828,1610,988,0.529
2017-02-09,1001,548,1478,1024,11.814
2017-02-10,1001,754,1638,977,0.0
2017-02-11,1001,774,1473,1073,7.428
2017-02-12,1001,839,1543,1086,0.442
2017-02-13,1001,847,1465,1140,3.236
2017-02-14,1001,772,1467,1090,0.0
2017-02-15,1001,785,1552,1061,9.059
2017-02-16,1001,633,1421,1073,1.639
2017-02-17,1001,778,1520,1125,2.403
2017-02-18,1001,576,1315,998,0.144
2017-02-19,1001,593,1516,997,6.236
2017-02-20,1001,737,1847,1226,0.0
2017-02-21,1001,969,1603,1184,2.315
2017-02-22,1001,743,1605,1111,0.0
2017-02-23,1001,760,1760,1070,3.423
2017-02-24,1001,1133,1892,1281,3.277
2017-02-25,1001,630,1706,1055,0.0
2017-02-26,1001,929,1773,1243,3.223
2017-02-27,1001,736,1510,1031,0.25
2017-02-28,1001,892,1679,1206,5.318
2017-03-01,1001,833,1667,1200,1.655
2017-03-02,1001,903,1776,1287,2.769
2017-03-03,1001,823,1697,1191,5.2
2017-03-04,1001,766,1715,1193,0.0
2017-03-05,1001,745,1886,1270,0.0
2017-03-06,1001,1105,1934,1448,2.042
2017-03-07,1001,969,1541,1232,0.0
2017-03-08,1001,902,1920,1309,0.074
2017-03-09,1001,1136,1688,1356,0.0
2017-03-10,1001,829,1631,1109,3.917
2017-03-11,1001,1021,1729,1273,4.379
2017-03-12,1001,936,1941,1260,4.367
2017-03-13,1001,982,1629,1295,2.554
2017-03-14,1001,1149,1594,1235,5.153
2017-03-15,1001,1094,1970,1460,2.89
2017-03-16,1001,1195,2035,1478,2.678
2017-03-17,1001,1040,1876,1438,1.519
2017-03-18,1001,794,1984,1340,6.293
2017-03-19,1001,954,1712,1306,0.0
2017-03-20,1001,907,1729,1338,2.66
2017-03-21,1001,1141,1821,1388,0.0
2017-03-22,1001,1195,1985,1476,1.838
2017-03-23,1001,1032,1931,1419,3.315
2017-03-24,1001,1143,2012,1579,0.0
2017-03-25,1001,1103,2096,1419,0.0
2017-03-26,1001,1281,2016,1423,6.916
2017-03-27,1001,1028,1891,1472,0.0
2017-03-28,1001,1297,1855,1418,4.177
2017-03-29,1001,1377,1987,1567,2.356
2017-03-30,1001,1182,2082,1573,0.0
2017-03-31,1001,1329,2022,1519,3.373
2017-04-01,1001,1366,1998,1580,0.0
2017-04-02,1001,1077,1766,1437,0.0
2017-04-03,1001,1122,1783,1366,0.0
2017-04-04,1001,1170,1977,1500,0.0
2017-04-05,1001,1181,1917,1442,2.548
2017-04-06,1001,1236,2023,1440,3.819
2017-04-07,1001,1077,1975,1472,3.183
2017-04-08,1001,1115,1886,1420,0.0
2017-04-09,1001,1177,2025,1591,0.0
2017-04-10,1001,1238,1977,1504,2.794
2017-04-11,1001,1010,1640,1373,1.911
2017-04-12,1001,1466,1897,1612,4.588
2017-04-13,1001,1336,2222,1644,2.362
2017-04-14,1001,1159,2116,1610,0.379
2017-04-15,1001,1199,2278,1570,2.537
2017-04-16,1001,1341,2175,1681,6.175
2017-04-17,1001,1019,1939,1527,0.778
2017-04-18,1001,1340,2195,1647,0.615
2017-04-19,1001,1032,1962,1492,1.492
2017-04-20,1001,1126,1802,1478,3.231
2017-04-21,1001,1331,2029,1547,5.379
2017-04-22,1001,1191,2189,1578,3.667
2017-04-23,1001,1223,2279,1648,0.745
2017-04-24,1001,1460,2238,1549,1.593
2017-04-25,1001,1245,1959,1532,0.0
2017-04-26,1001,1489,1781,1576,1.755
2017-04-27,1001,1192,1847,1577,0.0
2017-04-28,1001,1239,2006,1541,0.646
2017-04-29,1001,1391,2173,1574,0.0
2017-04-30,1001,1273,2193,1590,0.849
2017-05-01,1001,1429,2166,1596,1.062
2017-05-02,1001,1355,2129,1561,0.0
2017-05-03,1001,1340,2101,1597,0.0
2017-05-04,1001,992,1989,1464,0.0
2017-05-05,1001,1333,2102,1566,4.404
2017-05-06,1001,1213,2139,1616,1.553
2017-05-07,1001,1124,1957,1497,2.879
2017-05-08,1001,1075,1699,1373,0.187
2017-05-09,1001,1084,2194,1556,0.0
2017-05-10,1001,1195,1900,1487,6.12
2017-05-11,1001,1070,1976,1438,0.888
2017-05-12,1001,1173,2053,1526,0.511
2017-05-13,1001,1006,2090,1454,2.89
2017-05-14,1001,1108,1916,1461,1.33
2017-05-15,1001,1237,1976,1476,0.0
2017-05-16,1001,1333,2345,1701,0.0
2017-05-17,1001,1165,2091,1512,0.0
2017-05-18,1001,1106,1862,1488,0.367
2017-05-19,1001,1358,1916,1656,0.0
2017-05-20,1001,1249,1979,1531,2.839
2017-05-21,1001,1165,1930,1392,2.4
2017-05-22,1001,1125,2295,1569,0.0
2017-05-23,1001,1119,2165,1512,1.145
2017-05-24,1001,1340,1898,1606,0.0
2017-05-25,1001,1205,2236,1646,3.353
2017-05-26,1001,937,2123,1471,3.651
2017-05-27,1001,1177,1978,1332,1.565
2017-05-28,1001,1369,2166,1615,0.466
2017-05-29,1001,1021,1926,1436,0.0
2017-05-30,1001,980,1741,1372,1.123
2017-05-31,1001,1059,1844,1319,4.791
2017-06-01,1001,1162,1867,1422,0.0
2017-06-02,1001,1219,2066,1589,0.0
2017-06-03,1001,1339,2100,1462,0.512
2017-06-04,1001,1266,2253,1601,5.651
2017-06-05,1001,1298,1964,1516,1.863
2017-06-06,1001,894,1732,1271,0.0
2017-06-07,1001,1103,1705,1349,0.0
2017-06-08,1001,1247,2022,1462,0.758
2017-06-09,1001,1172,1894,1420,0.0
2017-06-10,1001,992,1763,1347,2.106
2017-06-11,1001,958,1861,1299,1.701
2017-06-12,1001,1270,2091,1445,0.0
2017-06-13,1001,1113,1689,1381,0.255
2017-06-14,1001,856,2046,1308,0.0
2017-06-15,1001,1119,2025,1396,0.0
2017-06-16,1001,894,1723,1351,1.469
2017-06-17,1001,1062,1714,1250,0.0
2017-06-18,1001,970,1721,1218,2.841
2017-06-19,1001,1082,1856,1404,0.0
2017-06-20,1001,1066,1968,1408,7.507
2017-06-21,1001,1201,1860,1321,0.0
2017-06-22,1001,1060,1979,1416,0.494
2017-06-23,1001,1200,1943,1384,0.0
2017-06-24,1001,1236,1712,1302,0.0
2017-06-25,1001,932,1665,1207,0.41
2017-06-26,1001,839,1592,1168,0.0
2017-06-27,1001,1141,1596,1317,1.772
2017-06-28,1001,1148,1872,1381,1.109
2017-06-29,1001,872,1700,1221,1.125
2017-06-30,1001,976,1856,1389,0.0
2017-07-01,1001,850,1822,1210,0.0
2017-07-02,1001,911,1420,1127,0.591
2017-07-03,1001,913,1505,1155,2.06
2017-07-04,1001,888,1781,1181,0.536
2017-07-05,1001,683,1799,1208,3.088
2017-07-06,1001,871,1520,1181,0.0
2017-07-07,1001,850,1639,1186,2.678
2017-07-08,1001,884,1610,1237,0.705
2017-07-09,1001,727,1571,1138,0.0
2017-07-10,1001,969,1869,1240,4.039
2017-07-11,1001,807,1751,1113,0.397
2017-07-12,1001,793,1761,1061,0.541
2017-07-13,1001,750,1477,1117,0.217
2017-07-14,1001,760,1440,1062,0.0
2017-07-15,1001,780,1545,1078,0.0
2017-07-16,1001,611,1575,1105,2.491
2017-07-17,1001,941,1857,1095,0.0
2017-07-18,1001,623,1459,1008,0.0
2017-07-19,1001,728,1742,1026,0.816
2017-07-20,1001,461,1397,873,0.643
2017-07-21,1001,586,1399,973,0.0
2017-07-22,1001,814,1440,1068,1.02
2017-07-23,1001,805,1317,1012,1.333
2017-07-24,1001,671,1619,1090,0.0
2017-07-25,1001,855,1637,1098,1.881
2017-07-26,1001,735,1528,1001,0.766
2017-07-27,1001,471,1553,886,1.97
2017-07-28,1001,622,1402,934,0.0
2017-07-29,1001,592,1408,1012,0.0
2017-07-30,1001,591,1444,983,0.0
2017-07-31,1001,482,1408,859,0.084
2017-08-01,1001,560,1657,1010,1.923
2017-08-02,1001,616,1467,938,0.0
2017-08-03,1001,438,1282,755,2.522
2017-08-04,1001,499,1245,776,0.0
2017-08-05,1001,675,1134,950,0.0
2017-08-06,1001,374,1138,741,0.0
2017-08-07,1001,382,1069,703,1.759
2017-08-08,1001,572,1226,857,0.0
2017-08-09,1001,477,1209,807,0.0
2017-08-10,1001,449,1337,887,1.17
2017-08-11,1001,324,1220,716,1.052
2017-08-12,1001,457,1054,708,0.776
2017-08-13,1001,333,1021,678,0.0
2017-08-14,1001,223,1144,586,0.0
2017-08-15,1001,659,1258,831,0.0
2017-08-16,1001,364,1279,771,0.0
2017-08-17,1001,377,1330,717,2.116
2017-08-18,1001,295,1204,725,0.0
2017-08-19,1001,201,1079,626,2.449
2017-08-20,1001,261,1261,769,0.0
2017-08-21,1001,282,1172,572,0.0
2017-08-22,1001,240,1099,578,6.745
2017-08-23,1001,451,1312,750,0.337
2017-08-24,1001,413,1377,741,0.0
2017-08-25,1001,354,1293,624,0.377
2017-08-26,1001,251,1128,578,1.714
2017-08-27,1001,276,1182,666,2.522
2017-08-28,1001,407,1189,588,0.0
2017-08-29,1001,138,691,503,2.949
2017-08-30,1001,406,1091,648,0.0
2017-08-31,1001,-134,917,395,0.39
2017-09-01,1001,412,709,635,0.0
2017-09-02,1001,235,1050,519,2.447
2017-09-03,1001,494,854,667,0.0
2017-09-04,1001,343,685,560,0.0
2017-09-05,1001,326,1027,485,0.496
2017-09-06,1001,103,875,472,1.002
2017-09-07,1001,253,1019,433,4.347
2017-09-08,1001,137,863,475,4.452
2017-09-09,1001,-17,1086,428,4.434
2017-09-10,1001,269,1101,539,0.585
2017-09-11,1001,167,1050,441,0.0
2017-09-12,1001,67,986,419,0.594
2017-09-13,1001,370,1371,642,1.625
2017-09-14,1001,163,575,349,3.526
2017-09-15,1001,270,1000,415,1.401
2017-09-16,1001,98,874,360,5.24
2017-09-17,1001,33,943,366,5.314
2017-09-18,1001,-18,829,320,1.066
2017-09-19,1001,164,897,459,5.665
2017-09-20,1001,89,855,406,0.0
2017-09-21,1001,143,615,318,2.739
2017-09-22,1001,21,1108,396,1.33
2017-09-23,1001,-80,885,333,0.0
2017-09-24,1001,195,1005,450,0.0
2017-09-25,1001,152,897,421,1.473
2017-09-26,1001,-253,599,171,0.545
2017-09-27,1001,-111,582,246,1.076
2017-09-28,1001,56,983,440,5.833
2017-09-29,1001,69,772,359,3.803
2017-09-30,1001,-176,799,335,0.974
2017-10-01,1001,-222,689,250,0.0
2017-10-02,1001,230,908,483,0.363
2017-10-03,1001,-157,784,259,0.752
2017-10-04,1001,-40,760,230,0.0
2017-10-05,1001,-145,516,249,1.819
2017-10-06,1001,17,780,318,2.449
2017-10-07,1001,104,1025,409,0.0
2017-10-08,1001,132,846,333,0.0
2017-10-09,1001,20,800,382,1.549
2017-10-10,1001,-61,644,203,5.531
2017-10-11,1001,-173,641,217,0.0
2017-10-12,1001,73,531,279,0.0
2017-10-13,1001,-180,633,232,0.0
2017-10-14,1001,3,829,311,0.0
2017-10-15,1001,34,820,426,0.0
2017-10-16,1001,-87,578,197,2.682
2017-10-17,1001,14,890,327,3.583
2017-10-18,1001,100,772,280,2.774
2017-10-19,1001,202,651,316,0.0
2017-10-20,1001,-230,881,147,0.0
2017-10-21,1001,-135,584,202,0.611
2017-10-22,1001,-170,685,239,3.66
2017-10-23,1001,-99,678,215,0.0
2017-10-24,1001,-117,669,284,2.407
2017-10-25,1001,-148,690,178,0.0
2017-10-26,1001,-91,869,249,0.713
2017-10-27,1001,82,731,326,0.0
2017-10-28,1001,-63,838,331,6.349
2017-10-29,1001,-9,729,279,0.93
2017-10-30,1001,122,770,296,1.508
2017-10-31,1001,-123,544,202,0.0
2017-11-01,1001,-198,739,224,1.903
2017-11-02,1001,-222,764,243,2.196
2017-11-03,1001,-251,643,156,6.449
2017-11-04,1001,-213,766,149,2.821
2017-11-05,1001,32,851,285,0.992
2017-11-06,1001,-278,604,238,0.0
2017-11-07,1001,-203,352,187,0.0
2017-11-08,1001,-80,782,253,0.0
2017-11-09,1001,-204,558,209,1.354
2017-11-10,1001,-255,592,188,2.334
2017-11-11,1001,-123,713,201,1.926
2017-11-12,1001,151,758,313,0.0
2017-11-13,1001,-37,676,322,4.905
2017-11-14,1001,-63,685,252,3.758
2017-11-15,1001,-31,485,221,1.452
2017-11-16,1001,-246,528,195,0.0
2017-11-17,1001,-98,778,241,0.0
2017-11-18,1001,225,802,400,0.763
2017-11-19,1001,97,987,356,2.9
2017-11-20,1001,85,816,320,0.728
2017-11-21,1001,-156,670,186,2.735
2017-11-22,1001,-44,925,326,3.726
2017-11-23,1001,-49,718,235,3.914
2017-11-24,1001,39,894,335,0.0
2017-11-25,1001,-20,923,330,4.027
2017-11-26,1001,-190,658,132,3.611
2017-11-27,1001,-90,821,290,0.0
2017-11-28,1001,64,815,450,1.896
2017-11-29,1001,1,887,328,0.0
2017-11-30,1001,228,1057,494,0.0
2017-12-01,1001,228,870,516,0.0
2017-12-02,1001,16,584,299,14.306
2017-12-03,1001,-15,886,331,0.0
2017-12-04,1001,-9,800,339,1.582
2017-12-05,1001,59,776,403,2.249
2017-12-06,1001,4,917,385,0.0
2017-12-07,1001,280,969,561,9.981
2017-12-08,1001,-174,805,239,7.633
2017-12-09,1001,29,872,353,1.669
2017-12-10,1001,-43,804,349,0.0
2017-12-11,1001,162,841,446,1.838
2017-12-12,1001,312,1026,526,0.0
2017-12-13,1001,86,920,474,2.567
2017-12-14,1001,203,1015,456,0.0
2017-12-15,1001,41,995,312,2.68
2017-12-16,1001,87,786,480,5.749
2017-12-17,1001,259,908,457,0.0
2017-12-18,1001,206,818,556,0.0
2017-12-19,1001,256,1091,536,2.454
2017-12-20,1001,301,1045,467,10.238
2017-12-21,1001,318,1029,595,2.346
2017-12-22,1001,130,912,533,0.328
2017-12-23,1001,164,1124,575,8.135
2017-12-24,1001,83,1201,642,5.076
2017-12-25,1001,247,886,526,0.0
2017-12-26,1001,89,1124,497,0.0
2017-12-27,1001,479,967,619,1.486
2017-12-28,1001,359,962,449,0.0
2017-12-29,1001,331,1112,649,1.931
2017-12-30,1001,436,1165,627,2.828
2017-12-31,1001,164,900,417,2.894
2018-01-01,1001,482,1305,687,0.445
2018-01-02,1001,181,1130,641,0.0
2018-01-03,1001,197,1138,679,4.974
2018-01-04,1001,385,1438,740,1.952
2018-01-05,1001,401,1277,752,0.0
2018-01-06,1001,191,650,433,3.107
2018-01-07,1001,261,961,550,3.482
2018-01-08,1001,393,1075,636,0.656
2018-01-09,1001,16,902,541,1.536
2018-01-10,1001,270,1251,697,4.585
2018-01-11,1001,246,1177,725,0.786
2018-01-12,1001,575,1187,886,0.0
2018-01-13,1001,253,1175,649,2.282
2018-01-14,1001,460,1216,705,3.888
2018-01-15,1001,326,1169,708,0.0
2018-01-16,1001,591,1434,819,0.0
2018-01-17,1001,477,1213,787,1.987
2018-01-18,1001,590,1257,891,5.633
2018-01-19,1001,379,940,622,1.855
2018-01-20,1001,416,1259,666,0.0
2018-01-21,1001,389,1374,828,0.0
2018-01-22,1001,548,1263,848,0.0
2018-01-23,1001,648,1258,882,7.991
2018-01-24,1001,491,1386,848,3.249
2018-01-25,1001,407,1272,867,2.073
2018-01-26,1001,667,1417,897,0.0
2018-01-27,1001,635,1386,947,0.0
2018-01-28,1001,575,1432,909,5.157
2018-01-29,1001,396,1358,878,0.0
2018-01-30,1001,498,1584,872,0.556
2018-01-31,1001,543,1190,970,1.844
2018-02-01,1001,777,1484,1005,1.299
2018-02-02,1001,593,1454,866,7.842
2018-02-03,1001,639,1535,930,2.546
2018-02-04,1001,620,1284,952,0.433
2018-02-05,1001,538,1416,917,2.415
2018-02-06,1001,641,1452,1042,5.952
2018-02-07,1001,738,1576,1014,3.909
2018-02-08,1001,763,1522,977,0.161
2018-02-09,1001,513,1320,919,3.67
2018-02-10,1001,726,1682,1080,1.275
2018-02-11,1001,851,1817,1173,1.634
2018-02-12,1001,603,1347,955,0.0
2018-02-13,1001,573,1678,1121,0.0
2018-02-14,1001,413,1395,934,2.537
2018-02-15,1001,803,1649,1109,0.0
2018-02-16,1001,889,1477,1098,5.528
2018-02-17,1001,629,1585,987,1.434
2018-02-18,1001,979,1698,1169,4.153
2018-02-19,1001,762,1456,1146,2.24
2018-02-20,1001,702,1720,1120,3.435
2018-02-21,1001,765,1735,1208,0.0
2018-02-22,1001,961,1751,1157,1.739
2018-02-23,1001,848,1473,1071,10.148
2018-02-24,1001,788,1627,1067,0.0
2018-02-25,1001,555,1403,947,6.435
2018-02-26,1001,769,1499,1154,0.789
2018-02-27,1001,906,1720,1184,0.0
2018-02-28,1001,1004,1783,1220,4.103
2018-03-01,1001,912,1776,1300,0.0
2018-03-02,1001,815,1599,1109,0.0
2018-03-03,1001,918,1654,1304,0.0
2018-03-04,1001,837,1915,1211,1.878
2018-03-05,1001,897,1721,1281,1.108
2018-03-06,1001,816,1743,1219,0.0
2018-03-07,1001,969,1662,1240,1.326
2018-03-08,1001,976,1819,1272,0.0
2018-03-09,1001,775,1492,1112,2.435
2018-03-10,1001,880,2021,1370,1.948
2018-03-11,1001,1248,1799,1261,9.294
2018-03-12,1001,868,1729,1243,5.558
2018-03-13,1001,1209,1686,1409,0.0
2018-03-14,1001,1075,1892,1387,6.145
2018-03-15,1001,887,1760,1351,0.0
2018-03-16,1001,1106,1836,1365,1.984
2018-03-17,1001,922,1877,1337,0.915
2018-03-18,1001,1076,1978,1391,8.097
2018-03-19,1001,1217,1627,1360,7.857
2018-03-20,1001,676,1934,1265,1.045
2018-03-21,1001,1086,2072,1545,6.497
2018-03-22,1001,1175,2067,1358,1.028
2018-03-23,1001,831,1944,1305,2.603
2018-03-24,1001,905,1805,1328,3.221
2018-03-25,1001,1111,1866,1440,0.0
2018-03-26,1001,942,1635,1270,1.068
2018-03-27,1001,1023,1935,1388,2.504
2018-03-28,1001,1332,2228,1654,2.69
2018-03-29,1001,813,1814,1351,4.404
2018-03-30,1001,1039,1846,1463,3.539
2018-03-31,1001,1198,1937,1428,0.26
2018-04-01,1001,1346,2024,1554,0.0
2018-04-02,1001,1366,2024,1579,0.732
2018-04-03,1001,1081,1869,1228,1.696
2018-04-04,1001,1244,1975,1550,1.542
2018-04-05,1001,1177,2008,1586,0.0
2018-04-06,1001,1130,1720,1517,0.316
2018-04-07,1001,1183,2103,1438,1.133
2018-04-08,1001,1020,2148,1529,5.316
2018-04-09,1001,1130,2272,1543,0.657
2018-04-10,1001,1244,1890,1458,0.0
2018-04-11,1001,1128,2009,1523,0.0
2018-04-12,1001,1330,2528,1719,0.0
2018-04-13,1001,1258,1911,1596,3.527
2018-04-14,1001,1079,2064,1481,2.026
2018-04-15,1001,1298,2156,1533,0.0
2018-04-16,1001,1192,2025,1605,0.764
2018-04-17,1001,1054,1985,1422,5.822
2018-04-18,1001,1039,2097,1569,3.7
2018-04-19,1001,1327,2049,1575,0.717
2018-04-20,1001,1282,2050,1633,2.775
2018-04-21,1001,1285,2056,1567,1.282
2018-04-22,1001,1260,1837,1511,1.269
2018-04-23,1001,1195,1823,1438,0.526
2018-04-24,1001,1376,2172,1585,0.0
2018-04-25,1001,1294,2123,1662,0.0
2018-04-26,1001,1154,2011,1575,0.0
2018-04-27,1001,1277,2089,1642,2.447
2018-04-28,1001,1231,2047,1559,0.037
2018-04-29,1001,991,1840,1426,0.0
2018-04-30,1001,1194,1943,1542,1.553
2018-05-01,1001,1063,1886,1476,0.0
2018-05-02,1001,1142,1819,1606,5.069
2018-05-03,1001,1347,2103,1534,0.0
2018-05-04,1001,1365,2011,1545,0.0
2018-05-05,1001,1291,1934,1601,1.666
2018-05-06,1001,1040,2017,1426,0.0
2018-05-07,1001,1353,2348,1563,7.395
2018-05-08,1001,1385,2035,1622,2.223
2018-05-09,1001,1359,2325,1680,1.176
2018-05-10,1001,1073,1857,1479,3.022
2018-05-11,1001,1179,1809,1514,0.0
2018-05-12,1001,1187,1758,1463,0.761
2018-05-13,1001,1197,1940,1405,0.0
2018-05-14,1001,1206,1952,1540,1.223
2018-05-15,1001,1123,1707,1475,2.345
2018-05-16,1001,1051,1889,1496,2.575
2018-05-17,1001,1173,1940,1493,2.951
2018-05-18,1001,1333,2136,1617,0.0
2018-05-19,1001,1258,2018,1474,2.188
2018-05-20,1001,1241,1854,1553,0.298
2018-05-21,1001,1215,2102,1497,0.392
2018-05-22,1001,1107,1781,1477,2.216
2018-05-23,1001,1480,2118,1558,3.48
2018-05-24,1001,1154,2107,1534,0.161
2018-05-25,1001,1134,2030,1545,4.171
2018-05-26,1001,1024,2040,1457,2.725
2018-05-27,1001,1143,2044,1537,0.0
2018-05-28,1001,1284,1822,1576,1.058
2018-05-29,1001,1249,2018,1478,1.463
2018-05-30,1001,917,1977,1466,0.874
2018-05-31,1001,1043,1899,1406,0.0
2018-06-01,1001,1122,2023,1479,3.055
2018-06-02,1001,1164,2241,1518,1.3
2018-06-03,1001,1079,2051,1399,2.416
2018-06-04,1001,1058,1828,1451,0.0
2018-06-05,1001,1226,1913,1430,0.0
2018-06-06,1001,956,1713,1372,0.491
2018-06-07,1001,1103,1666,1332,3.66
2018-06-08,1001,1095,1747,1370,0.0
2018-06-09,1001,1016,2152,1377,1.063
2018-06-10,1001,1151,1995,1541,0.0
2018-06-11,1001,1370,2017,1553,1.729
2018-06-12,1001,940,1813,1320,0.0
2018-06-13,1001,1059,1790,1365,1.202
2018-06-14,1001,912,1933,1386,4.151
2018-06-15,1001,1163,1679,1312,1.594
2018-06-16,1001,1038,1571,1331,0.645
2018-06-17,1001,871,1682,1270,0.0
2018-06-18,1001,886,1872,1321,2.804
2018-06-19,1001,1057,2019,1415,0.0
2018-06-20,1001,965,1778,1252,0.924
2018-06-21,1001,881,1873,1277,2.423
2018-06-22,1001,1069,2064,1498,0.0
2018-06-23,1001,947,1709,1277,1.01
2018-06-24,1001,956,1878,1354,0.964
2018-06-25,1001,996,1955,1313,0.0
2018-06-26,1001,1160,1971,1325,0.0
2018-06-27,1001,925,1775,1233,2.287
2018-06-28,1001,1099,1825,1270,0.0
2018-06-29,1001,1038,1744,1236,0.814
2018-06-30,1001,934,1726,1222,1.788
2018-07-01,1001,783,1784,1196,1.33
2018-07-02,1001,722,1693,1162,0.901
2018-07-03,1001,732,1851,1171,0.0
2018-07-04,1001,650,1421,1073,4.091
2018-07-05,1001,877,1668,1245,0.082
2018-07-06,1001,716,1523,1015,1.327
2018-07-07,1001,807,1543,1196,0.0
2018-07-08,1001,798,1680,1061,0.621
2018-07-09,1001,938,1764,1176,0.0
2018-07-10,1001,509,1314,933,0.0
2018-07-11,1001,928,1721,1187,3.779
2018-07-12,1001,890,1467,1023,2.777
2018-07-13,1001,995,1475,1280,0.0
2018-07-14,1001,864,1922,1206,1.374
2018-07-15,1001,844,1575,1151,0.0
2018-07-16,1001,715,1752,1086,2.945
2018-07-17,1001,595,1487,932,0.0
2018-07-18,1001,747,1543,1106,1.659
2018-07-19,1001,630,1568,1030,3.355
2018-07-20,1001,641,1500,1013,1.129
2018-07-21,1001,592,1496,985,1.669
2018-07-22,1001,731,1370,875,0.0
2018-07-23,1001,698,1620,1063,1.229
2018-07-24,1001,830,1620,1007,2.177
2018-07-25,1001,691,1613,927,3.758
2018-07-26,1001,499,1347,936,0.467
2018-07-27,1001,767,1474,966,0.0
2018-07-28,1001,549,1212,854,0.241
2018-07-29,1001,552,1391,889,0.624
2018-07-30,1001,229,1324,739,0.667
2018-07-31,1001,663,1250,945,2.982
2018-08-01,1001,573,1278,905,2.249
2018-08-02,1001,347,1280,761,0.0
2018-08-03,1001,368,1098,836,3.239
2018-08-04,1001,370,1417,775,1.957
2018-08-05,1001,357,1096,678,0.287
2018-08-06,1001,259,982,660,1.521
2018-08-07,1001,396,1101,778,0.0
2018-08-08,1001,456,1465,837,1.683
2018-08-09,1001,70,1074,637,0.0
2018-08-10,1001,631,1309,890,0.234
2018-08-11,1001,323,1164,679,0.0
2018-08-12,1001,423,1361,748,2.426
2018-08-13,1001,502,1150,752,1.324
2018-08-14,1001,564,1183,732,0.0
2018-08-15,1001,326,1077,643,0.0
2018-08-16,1001,440,1374,807,2.225
2018-08-17,1001,412,1305,766,0.0
2018-08-18,1001,464,1124,690,1.571
2018-08-19,1001,420,1014,737,0.398
2018-08-20,1001,248,1095,702,0.0
2018-08-21,1001,423,1378,712,4.287
2018-08-22,1001,336,1173,679,3.999
2018-08-23,1001,430,967,663,2.778
2018-08-24,1001,417,964,678,2.653
2018-08-25,1001,29,1217,646,3.938
2018-08-26,1001,315,1203,614,0.0
2018-08-27,1001,430,1210,647,2.847
2018-08-28,1001,259,1113,605,0.5
2018-08-29,1001,90,1069,612,3.179
2018-08-30,1001,340,1173,565,1.452
2018-08-31,1001,521,1076,760,0.0
2018-09-01,1001,186,717,465,0.0
2018-09-02,1001,348,1134,600,2.724
2018-09-03,1001,93,1021,485,2.877
2018-09-04,1001,273,1041,577,0.0
2018-09-05,1001,15,1120,490,2.088
2018-09-06,1001,203,713,493,0.0
2018-09-07,1001,225,971,536,0.327
2018-09-08,1001,234,930,546,0.0
2018-09-09,1001,180,1116,517,0.596
2018-09-10,1001,284,934,508,0.291
2018-09-11,1001,5,703,381,0.296
2018-09-12,1001,181,730,466,1.49
2018-09-13,1001,51,862,426,0.0
2018-09-14,1001,325,655,509,2.711
2018-09-15,1001,216,1038,548,1.753
2018-09-16,1001,-37,938,461,0.0
2018-09-17,1001,-146,724,352,3.577
2018-09-18,1001,-28,992,406,0.0
2018-09-19,1001,-18,1016,413,1.288
2018-09-20,1001,112,872,328,0.383
2018-09-21,1001,48,818,368,0.0
2018-09-22,1001,131,932,523,1.613
2018-09-23,1001,74,895,346,1.379
2018-09-24,1001,-161,961,346,0.0
2018-09-25,1001,-36,577,327,0.0
2018-09-26,1001,78,798,359,0.0
2018-09-27,1001,263,623,418,0.625
2018-09-28,1001,134,722,381,1.722
2018-09-29,1001,120,1021,478,2.26
2018-09-30,1001,193,955,387,0.0
2018-10-01,1001,66,985,449,2.36
2018-10-02,1001,22,894,277,6.178
2018-10-03,1001,17,754,318,0.461
2018-10-04,1001,-72,777,299,7.105
2018-10-05,1001,190,723,350,0.0
2018-10-06,1001,-16,1054,221,0.0
2018-10-07,1001,148,766,310,0.655
2018-10-08,1001,120,838,363,0.0
2018-10-09,1001,-167,758,303,0.0
2018-10-10,1001,-18,455,272,0.0
2018-10-11,1001,213,775,298,0.0
2018-10-12,1001,-223,710,148,2.794
2018-10-13,1001,-253,655,198,0.0
2018-10-14,1001,-136,662,288,0.0
2018-10-15,1001,-184,679,151,2.168
2018-10-16,1001,22,780,334,0.0
2018-10-17,1001,-74,981,300,4.554
2018-10-18,1001,-217,717,329,1.633
2018-10-19,1001,26,650,251,0.0
2018-10-20,1001,103,805,351,0.0
2018-10-21,1001,107,1055,326,3.743
2018-10-22,1001,-9,848,358,2.594
2018-10-23,1001,-187,684,224,1.382
2018-10-24,1001,-239,608,217,6.245
2018-10-25,1001,140,962,323,0.583
2018-10-26,1001,-29,646,272,3.147
2018-10-27,1001,-42,726,360,1.104
2018-10-28,1001,158,739,316,0.401
2018-10-29,1001,91,877,295,0.0
2018-10-30,1001,-57,756,241,1.056
2018-10-31,1001,-39,824,333,0.0
2018-11-01,1001,-17,658,379,3.274
2018-11-02,1001,-210,620,182,1.83
2018-11-03,1001,176,700,310,3.673
2018-11-04,1001,-88,624,293,0.0
2018-11-05,1001,107,782,273,1.862
2018-11-06,1001,-146,818,222,0.513
2018-11-07,1001,-11,589,200,1.573
2018-11-08,1001,-176,815,231,0.316
2018-11-09,1001,-67,854,252,0.0
2018-11-10,1001,36,432,254,0.0
2018-11-11,1001,-74,686,283,0.0
2018-11-12,1001,-146,755,323,0.0
2018-11-13,1001,-41,712,204,5.849
2018-11-14,1001,12,622,213,0.0
2018-11-15,1001,89,859,343,2.188
2018-11-16,1001,-57,873,346,5.731
2018-11-17,1001,-82,731,249,0.0
2018-11-18,1001,-149,678,208,5.299
2018-11-19,1001,-230,667,181,1.314
2018-11-20,1001,170,930,413,0.0
2018-11-21,1001,-40,804,302,0.385
2018-11-22,1001,225,1105,374,0.0
2018-11-23,1001,66,758,362,7.085
2018-11-24,1001,-250,823,188,8.846
2018-11-25,1001,-17,666,280,0.0
2018-11-26,1001,-94,730,289,0.0
2018-11-27,1001,148,915,382,2.527
2018-11-28,1001,33,700,290,0.775
2018-11-29,1001,79,960,485,2.991
2018-11-30,1001,11,938,405,3.325
2018-12-01,1001,-61,649,226,1.31
2018-12-02,1001,-172,714,279,0.0
2018-12-03,1001,155,697,398,0.0
2018-12-04,1001,176,720,431,1.089
2018-12-05,1001,170,663,367,9.4
2018-12-06,1001,165,1064,514,1.951
2018-12-07,1001,60,923,395,7.917
2018-12-08,1001,24,1025,406,4.693
2018-12-09,1001,-20,972,325,2.086
2018-12-10,1001,96,968,440,0.0
2018-12-11,1001,327,906,508,0.834
2018-12-12,1001,81,1143,368,0.0
2018-12-13,1001,111,1109,477,3.586
2018-12-14,1001,105,1021,306,0.802
2018-12-15,1001,11,1033,386,1.195
2018-12-16,1001,-30,1011,403,0.0
2018-12-17,1001,150,1064,604,0.0
2018-12-18,1001,102,674,390,0.0
2018-12-19,1001,201,923,541,3.109
2018-12-20,1001,184,919,457,1.191
2018-12-21,1001,123,890,487,3.419
2018-12-22,1001,78,890,493,1.453
2018-12-23,1001,63,919,372,0.0
2018-12-24,1001,170,772,555,4.286
2018-12-25,1001,87,1052,484,2.162
2018-12-26,1001,158,1106,530,1.447
2018-12-27,1001,426,1491,750,11.507
2018-12-28,1001,257,804,514,9.029
2018-12-29,1001,263,971,479,4.343
2018-12-30,1001,317,1143,648,9.583
2018-12-31,1001,202,1134,717,8.772
2019-01-01,1001,503,1248,802,0.0
2019-01-02,1001,319,880,622,4.215
2019-01-03,1001,142,863,480,0.0
2019-01-04,1001,140,1082,579,2.214
2019-01-05,1001,279,1126,702,1.54
2019-01-06,1001,378,1268,664,0.0
2019-01-07,1001,284,1141,658,3.355
2019-01-08,1001,301,1383,622,2.77
2019-01-09,1001,307,1129,651,2.105
2019-01-10,1001,321,1119,661,4.017
2019-01-11,1001,306,1199,703,3.851
2019-01-12,1001,441,1326,682,0.0
2019-01-13,1001,457,1169,702,4.685
2019-01-14,1001,586,1118,691,4.701
2019-01-15,1001,454,1151,717,1.286
2019-01-16,1001,561,1382,829,0.0
2019-01-17,1001,370,1219,844,0.0
2019-01-18,1001,415,1315,837,0.0
2019-01-19,1001,324,1356,819,0.0
2019-01-20,1001,495,1534,847,3.777
2019-01-21,1001,398,1229,823,0.0
2019-01-22,1001,501,1494,811,0.925
2019-01-23,1001,415,984,783,2.432
2019-01-24,1001,345,1208,727,9.054
2019-01-25,1001,470,1379,790,5.401
2019-01-26,1001,473,1247,818,0.577
2019-01-27,1001,469,1417,890,5.775
2019-01-28,1001,534,1572,955,0.0
2019-01-29,1001,475,1571,945,2.069
2019-01-30,1001,681,1356,888,2.862
2019-01-31,1001,700,1357,876,3.171
2019-02-01,1001,518,1196,874,1.497
2019-02-02,1001,551,1634,983,1.355
2019-02-03,1001,613,1265,924,1.274
2019-02-04,1001,533,1497,949,2.395
2019-02-05,1001,462,1378,903,1.915
2019-02-06,1001,576,1270,973,0.241
2019-02-07,1001,933,1544,1119,1.076
2019-02-08,1001,625,1706,1017,9.654
2019-02-09,1001,956,1518,1141,0.0
2019-02-10,1001,679,1745,1059,2.618
2019-02-11,1001,708,1455,1014,1.576
2019-02-12,1001,790,1445,1020,5.892
2019-02-13,1001,777,1496,1086,0.0
2019-02-14,1001,619,1569,1002,0.0
2019-02-15,1001,549,1324,825,3.991
2019-02-16,1001,637,1311,924,0.0
2019-02-17,1001,813,1268,984,0.0
2019-02-18,1001,1013,1616,1151,0.0
2019-02-19,1001,909,1761,1134,2.31
2019-02-20,1001,899,1660,1188,4.723
2019-02-21,1001,850,1754,1209,1.842
2019-02-22,1001,842,1598,1151,4.639
2019-02-23,1001,982,1770,1355,3.092
2019-02-24,1001,744,1838,1212,2.709
2019-02-25,1001,898,1840,1261,1.208
2019-02-26,1001,898,1675,1117,2.024
2019-02-27,1001,1210,2118,1382,0.751
2019-02-28,1001,772,1621,1174,0.0
2019-03-01,1001,948,1791,1298,1.086
2019-03-02,1001,1019,1788,1304,1.755
2019-03-03,1001,1402,1730,1502,1.83
2019-03-04,1001,793,1599,1260,0.3
2019-03-05,1001,920,1683,1197,0.964
2019-03-06,1001,1110,1964,1397,0.212
2019-03-07,1001,999,1474,1286,5.611
2019-03-08,1001,1121,1769,1375,0.0
2019-03-09,1001,968,1890,1288,2.344
2019-03-10,1001,952,1958,1356,1.417
2019-03-11,1001,785,1588,1137,0.0
2019-03-12,1001,944,1570,1216,0.01
2019-03-13,1001,891,1561,1293,1.231
2019-03-14,1001,1037,1795,1331,3.601
2019-03-15,1001,1098,1853,1284,0.0
2019-03-16,1001,1197,1684,1390,1.449
2019-03-17,1001,1234,2187,1466,0.0
2019-03-18,1001,872,1695,1242,1.191
2019-03-19,1001,878,1779,1324,8.171
2019-03-20,1001,1000,1847,1341,7.849
2019-03-21,1001,892,1844,1331,1.166
2019-03-22,1001,839,1870,1307,7.828
2019-03-23,1001,1041,1979,1370,5.555
2019-03-24,1001,937,1781,1363,1.885
2019-03-25,1001,1163,1985,1467,2.833
2019-03-26,1001,1289,2013,1549,0.0
2019-03-27,1001,1005,2033,1404,1.096
2019-03-28,1001,1296,2069,1582,0.844
2019-03-29,1001,1117,2003,1487,7.933
2019-03-30,1001,1078,2006,1446,5.55
2019-03-31,1001,1107,2048,1416,1.362
2019-04-01,1001,1166,1958,1486,0.0
2019-04-02,1001,1088,2029,1412,0.0
2019-04-03,1001,1444,1764,1546,0.0
2019-04-04,1001,1119,1753,1480,1.63
2019-04-05,1001,1294,1946,1506,0.0
2019-04-06,1001,1378,2088,1612,0.796
2019-04-07,1001,1123,1991,1460,2.656
2019-04-08,1001,1279,1748,1485,0.0
2019-04-09,1001,1294,2053,1580,1.058
2019-04-10,1001,1212,2098,1497,1.022
2019-04-11,1001,1119,1980,1561,0.0
2019-04-12,1001,1193,1963,1467,5.16
2019-04-13,1001,1077,2258,1520,0.348
2019-04-14,1001,1279,2011,1510,5.274
2019-04-15,1001,1144,2015,1539,3.462
2019-04-16,1001,1407,2022,1648,5.219
2019-04-17,1001,1217,2128,1516,2.06
2019-04-18,1001,1072,1623,1403,1.443
2019-04-19,1001,1106,1838,1526,2.132
2019-04-20,1001,1229,1909,1599,0.0
2019-04-21,1001,1138,1749,1423,4.984
2019-04-22,1001,1261,2026,1569,3.079
2019-04-23,1001,1055,2053,1559,2.454
2019-04-24,1001,1181,1912,1406,1.371
2019-04-25,1001,1245,1897,1560,0.0
2019-04-26,1001,1330,1964,1622,0.0
2019-04-27,1001,1379,2015,1579,0.0
2019-04-28,1001,1297,2113,1523,0.0
2019-04-29,1001,1139,1956,1523,3.722
2019-04-30,1001,1088,1933,1406,0.0
2019-05-01,1001,1110,2080,1520,0.0
2019-05-02,1001,1079,2088,1528,1.898
2019-05-03,1001,1247,2087,1540,0.0
2019-05-04,1001,1363,2132,1630,0.0
2019-05-05,1001,1186,1997,1544,0.804
2019-05-06,1001,1041,1849,1388,0.0
2019-05-07,1001,1064,2011,1542,1.367
2019-05-08,1001,1268,2148,1602,1.226
2019-05-09,1001,1114,2021,1482,0.0
2019-05-10,1001,1332,2063,1695,1.945
2019-05-11,1001,1293,2107,1541,0.0
2019-05-12,1001,1084,2097,1479,1.999
2019-05-13,1001,942,1988,1425,0.191
2019-05-14,1001,1054,2126,1483,1.429
2019-05-15,1001,1197,1796,1572,0.0
2019-05-16,1001,1075,1937,1500,6.751
2019-05-17,1001,1410,2230,1592,0.64
2019-05-18,1001,1245,2026,1559,0.816
2019-05-19,1001,1403,2269,1792,1.003
2019-05-20,1001,1355,1829,1626,0.549
2019-05-21,1001,1253,2172,1604,0.0
2019-05-22,1001,1262,2143,1444,2.087
2019-05-23,1001,1185,2024,1525,0.0
2019-05-24,1001,1144,2023,1585,3.744
2019-05-25,1001,1158,2065,1467,2.683
2019-05-26,1001,1031,1824,1398,0.0
2019-05-27,1001,1121,1747,1395,1.187
2019-05-28,1001,1101,2179,1501,0.0
2019-05-29,1001,1148,1865,1527,3.396
2019-05-30,1001,1303,1746,1459,0.0
2019-05-31,1001,1113,2083,1522,0.0
2019-06-01,1001,867,1946,1341,0.591
2019-06-02,1001,900,1938,1352,0.393
2019-06-03,1001,1069,1841,1372,3.009
2019-06-04,1001,1061,1934,1423,0.0
2019-06-05,1001,1061,1988,1392,0.0
2019-06-06,1001,954,1953,1437,0.929
2019-06-07,1001,984,1778,1353,2.718
2019-06-08,1001,1006,1677,1385,0.261
2019-06-09,1001,1127,1795,1348,0.0
2019-06-10,1001,1027,1836,1430,1.13
2019-06-11,1001,964,1758,1287,3.357
2019-06-12,1001,1075,1897,1368,0.989
2019-06-13,1001,1246,1945,1496,0.938
2019-06-14,1001,1030,1931,1468,1.561
2019-06-15,1001,1100,1704,1388,0.623
2019-06-16,1001,1075,1828,1378,0.0
2019-06-17,1001,995,1797,1457,0.0
2019-06-18,1001,1047,1773,1203,0.0
2019-06-19,1001,850,1812,1275,0.0
2019-06-20,1001,852,1805,1285,1.6
2019-06-21,1001,1103,1799,1477,1.247
2019-06-22,1001,1068,1878,1274,0.249
2019-06-23,1001,1063,2051,1456,1.387
2019-06-24,1001,985,1930,1332,0.0
2019-06-25,1001,1045,1963,1309,0.0
2019-06-26,1001,1021,1793,1237,0.0
2019-06-27,1001,1009,1721,1301,0.353
2019-06-28,1001,913,1614,1169,0.0
2019-06-29,1001,730,1604,1190,0.872
2019-06-30,1001,974,1714,1227,0.0
2019-07-01,1001,963,1509,1244,0.0
2019-07-02,1001,913,1594,1195,0.306
2019-07-03,1001,1157,1818,1397,4.394
2019-07-04,1001,879,1603,1118,0.0
2019-07-05,1001,699,1777,1155,0.0
2019-07-06,1001,901,1630,1234,5.657
2019-07-07,1001,846,1467,1256,0.0
2019-07-08,1001,1071,1705,1315,2.44
2019-07-09,1001,972,1647,1169,1.917
2019-07-10,1001,1055,1784,1191,0.93
2019-07-11,1001,846,1704,1196,0.0
2019-07-12,1001,822,1653,1105,0.0
2019-07-13,1001,685,1665,995,2.397
2019-07-14,1001,1022,1260,1113,1.167
2019-07-15,1001,560,1335,996,1.391
2019-07-16,1001,811,1476,1131,1.068
2019-07-17,1001,733,1381,946,3.714
2019-07-18,1001,465,1592,954,0.845
2019-07-19,1001,661,1741,1092,3.215
2019-07-20,1001,738,1469,1070,1.945
2019-07-21,1001,957,1642,1183,0.0
2019-07-22,1001,696,1336,1001,1.958
2019-07-23,1001,970,1401,1119,0.804
2019-07-24,1001,589,1548,988,0.0
2019-07-25,1001,850,1654,1071,0.71
2019-07-26,1001,701,1577,987,0.779
2019-07-27,1001,668,1479,973,2.492
2019-07-28,1001,575,1426,992,0.0
2019-07-29,1001,606,1658,1008,0.811
2019-07-30,1001,589,1450,992,0.0
2019-07-31,1001,507,1347,842,1.316
2019-08-01,1001,574,1372,857,0.0
2019-08-02,1001,456,1132,814,0.0
2019-08-03,1001,668,1415,945,0.0
2019-08-04,1001,369,1106,756,0.0
2019-08-05,1001,653,1562,1024,0.0
2019-08-06,1001,520,1461,877,3.969
2019-08-07,1001,577,1180,819,0.32
2019-08-08,1001,480,1183,687,0.909
2019-08-09,1001,328,1329,714,0.0
2019-08-10,1001,354,1347,817,1.163
2019-08-11,1001,524,1002,759,5.437
2019-08-12,1001,455,1206,767,0.938
2019-08-13,1001,281,1316,756,0.0
2019-08-14,1001,466,1224,814,0.0
2019-08-15,1001,335,1133,645,0.0
2019-08-16,1001,435,1433,891,0.341
2019-08-17,1001,459,1116,828,0.0
2019-08-18,1001,445,1482,816,0.0
2019-08-19,1001,367,1096,665,0.0
2019-08-20,1001,186,1014,587,1.18
2019-08-21,1001,346,1258,728,0.108
2019-08-22,1001,191,1124,638,1.854
2019-08-23,1001,379,1236,747,0.0
2019-08-24,1001,317,1149,640,2.214
2019-08-25,1001,324,1301,720,1.763
2019-08-26,1001,140,1204,569,0.0
2019-08-27,1001,308,930,589,1.446
2019-08-28,1001,367,1195,610,0.0
2019-08-29,1001,310,1081,626,2.417
2019-08-30,1001,348,974,577,0.0
2019-08-31,1001,278,1156,538,3.052
2019-09-01,1001,395,1017,564,0.589
2019-09-02,1001,301,1227,573,1.541
2019-09-03,1001,394,872,570,0.0
2019-09-04,1001,30,706,415,1.415
2019-09-05,1001,470,1250,578,0.0
2019-09-06,1001,68,1079,550,4.8
2019-09-07,1001,175,908,478,0.392
2019-09-08,1001,136,1072,445,0.0
2019-09-09,1001,33,992,425,0.0
2019-09-10,1001,355,1110,564,0.137
2019-09-11,1001,268,993,539,5.296
2019-09-12,1001,287,1155,616,0.646
2019-09-13,1001,120,891,514,0.0
2019-09-14,1001,201,704,358,1.831
2019-09-15,1001,139,1146,489,0.274
2019-09-16,1001,323,1001,456,0.0
2019-09-17,1001,199,780,334,1.29
2019-09-18,1001,112,844,359,1.979
2019-09-19,1001,-103,866,351,2.425
2019-09-20,1001,215,667,388,1.025
2019-09-21,1001,35,820,358,0.163
2019-09-22,1001,62,921,400,2.633
2019-09-23,1001,-45,608,358,1.402
2019-09-24,1001,277,931,463,0.0
2019-09-25,1001,-130,715,293,0.631
2019-09-26,1001,217,1176,574,1.68
2019-09-27,1001,110,643,347,0.0
2019-09-28,1001,-51,814,277,0.402
2019-09-29,1001,99,1007,489,1.641
2019-09-30,1001,-109,686,208,3.706
2019-10-01,1001,-32,880,327,0.0
2019-10-02,1001,-58,835,338,2.087
2019-10-03,1001,-4,905,310,0.0
2019-10-04,1001,-31,798,397,1.832
2019-10-05,1001,0,1002,354,0.87
2019-10-06,1001,34,935,390,0.0
2019-10-07,1001,126,1002,325,4.607
2019-10-08,1001,198,726,296,2.52
2019-10-09,1001,-104,590,222,0.359
2019-10-10,1001,67,814,161,0.0
2019-10-11,1001,-71,871,281,2.907
2019-10-12,1001,-184,708,299,0.0
2019-10-13,1001,-206,708,159,0.0
2019-10-14,1001,135,740,313,0.571
2019-10-15,1001,-31,845,330,0.0
2019-10-16,1001,11,781,183,7.052
2019-10-17,1001,-113,608,224,0.872
2019-10-18,1001,-275,479,134,0.0
2019-10-19,1001,-63,1008,339,3.381
2019-10-20,1001,-148,597,229,2.225
2019-10-21,1001,66,840,377,1.154
2019-10-22,1001,-147,776,262,5.388
2019-10-23,1001,-82,670,143,0.0
2019-10-24,1001,-210,743,225,0.0
2019-10-25,1001,-300,589,208,0.0
2019-10-26,1001,-46,640,300,0.193
2019-10-27,1001,107,812,283,0.0
2019-10-28,1001,-210,816,159,0.0
2019-10-29,1001,-81,848,185,0.733
2019-10-30,1001,-115,645,189,0.836
2019-10-31,1001,130,816,246,5.964
2019-11-01,1001,-116,805,294,1.041
2019-11-02,1001,-80,651,244,0.0
2019-11-03,1001,202,781,334,2.065
2019-11-04,1001,-8,885,282,1.068
2019-11-05,1001,-180,674,98,0.0
2019-11-06,1001,85,823,282,8.399
2019-11-07,1001,28,700,309,3.974
2019-11-08,1001,-200,664,235,2.491
2019-11-09,1001,66,857,331,1.205
2019-11-10,1001,-162,371,179,1.198
2019-11-11,1001,-246,767,153,0.468
2019-11-12,1001,-55,853,338,2.251
2019-11-13,1001,77,539,227,3.655
2019-11-14,1001,-117,643,252,0.0
2019-11-15,1001,-89,734,288,3.013
2019-11-16,1001,-97,628,246,0.0
2019-11-17,1001,-82,858,255,1.292
2019-11-18,1001,-138,581,213,4.116
2019-11-19,1001,-46,743,345,0.94
2019-11-20,1001,46,819,327,0.0
2019-11-21,1001,57,883,296,1.447
2019-11-22,1001,98,823,422,2.417
2019-11-23,1001,-20,901,416,7.24
2019-11-24,1001,174,827,239,7.271
2019-11-25,1001,137,811,319,4.966
2019-11-26,1001,75,1087,455,3.373
2019-11-27,1001,58,972,354,3.469
2019-11-28,1001,-2,751,159,0.364
2019-11-29,1001,86,910,371,5.376
2019-11-30,1001,163,1047,334,0.0
2019-12-01,1001,-100,901,332,2.007
2019-12-02,1001,-63,1006,350,1.264
2019-12-03,1001,198,977,329,2.374
2019-12-04,1001,229,924,470,0.0
2019-12-05,1001,103,997,351,2.154
2019-12-06,1001,182,894,517,4.13
2019-12-07,1001,260,1011,572,4.299
2019-12-08,1001,146,899,352,1.14
2019-12-09,1001,45,856,306,4.444
2019-12-10,1001,-70,837,278,0.0
2019-12-11,1001,140,689,405,2.103
2019-12-12,1001,-133,830,314,4.369
2019-12-13,1001,232,869,536,4.999
2019-12-14,1001,-44,1194,386,4.637
2019-12-15,1001,-18,898,358,8.868
2019-12-16,1001,392,956,532,0.0
2019-12-17,1001,174,862,521,0.729
2019-12-18,1001,220,731,489,1.356
2019-12-19,1001,177,1001,429,0.0
2019-12-20,1001,305,1157,561,0.0
2019-12-21,1001,108,930,395,0.0
2019-12-22,1001,344,1190,509,0.0
2019-12-23,1001,3,1026,518,0.0
2019-12-24,1001,186,1092,400,10.509
2019-12-25,1001,369,1072,568,0.72
2019-12-26,1001,209,897,507,4.619
2019-12-27,1001,239,1050,546,8.468
2019-12-28,1001,130,841,471,0.656
2019-12-29,1001,252,1073,641,3.52
2019-12-30,1001,131,939,546,0.0
2019-12-31,1001,188,840,491,0.0
2020-01-01,1001,-11,867,456,0.0
2020-01-02,1001,86,935,427,0.0
2020-01-03,1001,323,1094,627,0.0
2020-01-04,1001,133,1024,599,1.746
2020-01-05,1001,504,1154,685,0.432
2020-01-06,1001,376,1389,763,0.0
2020-01-07,1001,173,1055,508,2.093
2020-01-08,1001,286,1008,707,3.804
2020-01-09,1001,185,1245,642,7.008
2020-01-10,1001,606,1250,845,0.667
2020-01-11,1001,134,1240,552,1.956
2020-01-12,1001,424,1081,783,0.0
2020-01-13,1001,440,1184,695,2.773
2020-01-14,1001,421,1169,695,1.045
2020-01-15,1001,268,901,650,3.868
2020-01-16,1001,135,1059,651,2.501
2020-01-17,1001,412,1104,783,0.0
2020-01-18,1001,653,1238,791,11.808
2020-01-19,1001,348,1449,685,0.199
2020-01-20,1001,568,1187,883,0.0
2020-01-21,1001,527,1413,896,2.389
2020-01-22,1001,403,1147,907,0.0
2020-01-23,1001,354,1063,690,0.0
2020-01-24,1001,939,1424,941,0.655
2020-01-25,1001,474,1610,889,5.995
2020-01-26,1001,466,1081,721,2.176
2020-01-27,1001,667,1392,997,6.919
2020-01-28,1001,550,1296,832,0.0
2020-01-29,1001,662,1382,916,1.069
2020-01-30,1001,489,1308,819,0.705
2020-01-31,1001,618,1257,920,0.0
2020-02-01,1001,454,1330,836,0.886
2020-02-02,1001,693,1339,915,0.0
2020-02-03,1001,699,1511,937,9.864
2020-02-04,1001,746,1333,936,0.0
2020-02-05,1001,664,1473,1058,6.731
2020-02-06,1001,654,1442,994,0.0
2020-02-07,1001,784,1763,1085,0.0
2020-02-08,1001,617,1686,1031,3.54
2020-02-09,1001,737,1481,1106,0.643
2020-02-10,1001,561,1748,1010,0.0
2020-02-11,1001,529,1649,1027,1.769
2020-02-12,1001,596,1550,1035,9.806
2020-02-13,1001,869,1782,1191,0.599
2020-02-14,1001,689,1681,1156,0.0
2020-02-15,1001,829,1466,1127,0.0
2020-02-16,1001,721,1517,992,1.608
2020-02-17,1001,604,1474,1071,0.0
2020-02-18,1001,860,1649,1126,1.771
2020-02-19,1001,886,1600,1175,2.565
2020-02-20,1001,984,1792,1316,0.238
2020-02-21,1001,1178,1852,1303,0.673
2020-02-22,1001,966,1671,1279,0.968
2020-02-23,1001,980,1694,1181,6.598
2020-02-24,1001,1036,1675,1214,6.256
2020-02-25,1001,987,1661,1217,0.0
2020-02-26,1001,863,1761,1285,1.983
2020-02-27,1001,904,1746,1232,3.115
2020-02-28,1001,1024,1628,1253,0.037
2020-02-29,1001,1080,1807,1282,5.44
2020-03-01,1001,792,1627,1092,0.0
2020-03-02,1001,827,1734,1264,6.993
2020-03-03,1001,994,2175,1308,0.067
2020-03-04,1001,925,1770,1254,3.485
2020-03-05,1001,823,1616,1089,0.0
2020-03-06,1001,947,1667,1258,4.438
2020-03-07,1001,721,1796,1176,0.0
2020-03-08,1001,952,1804,1291,6.267
2020-03-09,1001,997,1563,1109,1.381
2020-03-10,1001,1066,1751,1410,1.923
2020-03-11,1001,1126,1489,1291,2.797
2020-03-12,1001,773,1629,1198,0.045
2020-03-13,1001,853,1654,1176,6.987
2020-03-14,1001,1195,1937,1455,0.0
2020-03-15,1001,1033,1682,1349,0.0
2020-03-16,1001,967,1668,1252,4.999
2020-03-17,1001,1022,1745,1367,2.231
2020-03-18,1001,1098,1540,1227,1.015
2020-03-19,1001,1219,1916,1383,5.204
2020-03-20,1001,869,1638,1153,1.985
2020-03-21,1001,1123,1796,1412,4.963
2020-03-22,1001,1011,1789,1446,12.73
2020-03-23,1001,1082,1866,1364,1.147
2020-03-24,1001,1224,2004,1532,0.0
2020-03-25,1001,1121,1745,1386,1.529
2020-03-26,1001,1115,1939,1370,2.409
2020-03-27,1001,1138,2125,1510,0.17
2020-03-28,1001,1219,2048,1453,3.461
2020-03-29,1001,1202,1985,1516,2.995
2020-03-30,1001,1058,1803,1505,0.0
2020-03-31,1001,1117,2017,1396,1.118
2020-04-01,1001,980,1641,1304,1.899
2020-04-02,1001,980,1686,1326,0.267
2020-04-03,1001,974,1902,1439,4.243
2020-04-04,1001,1139,2014,1526,3.466
2020-04-05,1001,1217,1971,1584,0.0
2020-04-06,1001,1314,2191,1552,0.0
2020-04-07,1001,1203,1920,1558,5.942
2020-04-08,1001,1277,2104,1574,3.739
2020-04-09,1001,1379,2089,1639,3.549
2020-04-10,1001,949,1697,1365,1.374
2020-04-11,1001,949,1980,1368,1.001
2020-04-12,1001,1105,1698,1513,3.096
2020-04-13,1001,1060,2047,1448,0.0
2020-04-14,1001,1282,2211,1603,0.726
2020-04-15,1001,1320,2076,1563,0.599
2020-04-16,1001,1184,2016,1487,3.688
2020-04-17,1001,1341,1953,1566,1.552
2020-04-18,1001,1122,2030,1634,9.794
2020-04-19,1001,1309,2005,1550,0.0
2020-04-20,1001,1258,2106,1485,4.277
2020-04-21,1001,1066,1913,1472,3.119
2020-04-22,1001,1424,2093,1613,0.0
2020-04-23,1001,1303,1921,1636,1.139
2020-04-24,1001,1171,1939,1462,1.93
2020-04-25,1001,1356,2398,1724,0.0
2020-04-26,1001,1191,1693,1448,3.449
2020-04-27,1001,1347,2381,1685,0.0
2020-04-28,1001,1085,1927,1478,0.0
2020-04-29,1001,1323,2139,1584,0.0
2020-04-30,1001,1460,2189,1597,5.209
2020-05-01,1001,1396,2213,1657,4.602
2020-05-02,1001,1090,1967,1445,2.989
2020-05-03,1001,1121,2157,1582,0.0
2020-05-04,1001,1208,2104,1545,8.637
2020-05-05,1001,1283,2079,1652,0.81
2020-05-06,1001,1028,2094,1548,1.189
2020-05-07,1001,1246,1784,1413,2.616
2020-05-08,1001,1391,2158,1637,0.197
2020-05-09,1001,1278,2057,1633,0.539
2020-05-10,1001,1138,1798,1492,0.459
2020-05-11,1001,1250,2107,1440,5.894
2020-05-12,1001,1320,1837,1563,0.0
2020-05-13,1001,1032,1693,1371,0.0
2020-05-14,1001,1381,2118,1560,4.982
2020-05-15,1001,1410,2331,1771,1.298
2020-05-16,1001,1245,2166,1513,2.736
2020-05-17,1001,1315,2133,1500,1.253
2020-05-18,1001,1242,1963,1510,0.0
2020-05-19,1001,1379,1943,1498,2.259
2020-05-20,1001,1122,1950,1451,1.067
2020-05-21,1001,1270,1913,1509,0.0
2020-05-22,1001,1270,1931,1573,0.0
2020-05-23,1001,1221,2074,1534,4.181
2020-05-24,1001,1213,1905,1515,3.478
2020-05-25,1001,1092,1734,1368,4.053
2020-05-26,1001,1105,2033,1437,0.0
2020-05-27,1001,1225,1973,1423,0.0
2020-05-28,1001,996,1748,1354,1.232
2020-05-29,1001,903,1857,1393,0.312
2020-05-30,1001,912,1800,1436,0.867
2020-05-31,1001,1065,2024,1372,2.742
2020-06-01,1001,1103,1930,1496,4.168
2020-06-02,1001,1265,2087,1490,0.0
2020-06-03,1001,1234,1747,1419,3.544
2020-06-04,1001,1389,2005,1593,2.795
2020-06-05,1001,1273,1817,1493,1.391
2020-06-06,1001,1023,1739,1459,1.72
2020-06-07,1001,1283,2004,1436,1.316
2020-06-08,1001,1104,1823,1379,1.029
2020-06-09,1001,1164,2163,1510,3.511
2020-06-10,1001,1025,1717,1449,0.88
2020-06-11,1001,1003,1760,1323,1.798
2020-06-12,1001,1074,2039,1451,1.002
2020-06-13,1001,1077,1899,1401,0.0
2020-06-14,1001,1059,2052,1373,0.0
2020-06-15,1001,1042,2047,1431,0.0
2020-06-16,1001,985,1749,1318,0.0
2020-06-17,1001,1163,1697,1340,0.0
2020-06-18,1001,1107,1806,1330,0.0
2020-06-19,1001,1064,1794,1318,1.86
2020-06-20,1001,1148,1936,1388,0.059
2020-06-21,1001,802,1766,1268,2.962
2020-06-22,1001,607,1627,1148,2.202
2020-06-23,1001,970,1729,1206,0.167
2020-06-24,1001,988,1687,1295,0.0
2020-06-25,1001,1057,1881,1287,0.0
2020-06-26,1001,1027,2053,1330,0.0
2020-06-27,1001,1022,1917,1274,0.0
2020-06-28,1001,842,1633,1211,0.0
2020-06-29,1001,1204,2093,1355,1.816
2020-06-30,1001,922,1725,1278,1.33
2020-07-01,1001,1107,1851,1357,0.496
2020-07-02,1001,744,1562,1165,1.037
2020-07-03,1001,708,1543,1111,0.929
2020-07-04,1001,759,1562,1127,0.335
2020-07-05,1001,1071,1928,1385,4.201
2020-07-06,1001,860,1804,1243,1.291
2020-07-07,1001,725,1744,1102,0.0
2020-07-08,1001,842,1531,1080,0.975
2020-07-09,1001,868,1713,1205,0.722
2020-07-10,1001,960,1568,1217,0.0
2020-07-11,1001,834,1589,1138,0.23
2020-07-12,1001,722,1693,1153,2.585
2020-07-13,1001,700,1669,1216,0.252
2020-07-14,1001,918,1620,1079,0.986
2020-07-15,1001,930,1544,1128,3.679
2020-07-16,1001,605,1514,999,2.932
2020-07-17,1001,673,1375,1023,1.066
2020-07-18,1001,748,1418,1032,1.049
2020-07-19,1001,734,1548,976,2.118
2020-07-20,1001,681,1532,1020,0.0
2020-07-21,1001,670,1322,932,0.646
2020-07-22,1001,614,1374,958,0.0
2020-07-23,1001,588,1528,1001,1.335
2020-07-24,1001,666,1416,924,0.883
2020-07-25,1001,668,1337,1053,0.0
2020-07-26,1001,544,1217,746,1.694
2020-07-27,1001,524,1377,823,0.0
2020-07-28,1001,735,1737,953,3.726
2020-07-29,1001,805,1435,981,1.329
2020-07-30,1001,690,1491,982,2.894
2020-07-31,1001,557,1345,773,0.0
2020-08-01,1001,486,1178,779,0.0
2020-08-02,1001,400,1308,816,0.631
2020-08-03,1001,469,1358,816,1.228
2020-08-04,1001,529,1230,849,0.0
2020-08-05,1001,416,1424,820,0.0
2020-08-06,1001,423,1309,881,0.0
2020-08-07,1001,567,1476,861,0.0
2020-08-08,1001,594,1300,813,0.0
2020-08-09,1001,416,1073,796,0.0
2020-08-10,1001,585,1240,880,0.566
2020-08-11,1001,541,1436,678,0.833
2020-08-12,1001,328,1341,769,0.389
2020-08-13,1001,552,1371,760,0.132
2020-08-14,1001,382,1026,746,1.037
2020-08-15,1001,488,1622,849,2.8
2020-08-16,1001,272,1129,750,0.929
2020-08-17,1001,264,1019,670,0.744
2020-08-18,1001,163,1131,586,0.0
2020-08-19,1001,615,1246,886,0.351
2020-08-20,1001,463,1159,671,1.104
2020-08-21,1001,229,1179,548,0.0
2020-08-22,1001,301,1216,678,0.695
2020-08-23,1001,428,994,623,0.328
2020-08-24,1001,284,883,510,2.256
2020-08-25,1001,123,646,440,3.651
2020-08-26,1001,426,1344,589,1.475
2020-08-27,1001,396,1145,636,0.0
2020-08-28,1001,360,797,562,0.0
2020-08-29,1001,32,822,452,0.0
2020-08-30,1001,376,1204,682,0.286
2020-08-31,1001,368,893,568,0.0
2020-09-01,1001,177,986,476,2.989
2020-09-02,1001,368,1060,724,0.303
2020-09-03,1001,123,707,481,3.908
2020-09-04,1001,280,1169,512,0.578
2020-09-05,1001,206,1151,586,0.0
2020-09-06,1001,261,838,597,1.049
2020-09-07,1001,63,1064,453,0.786
2020-09-08,1001,258,1222,604,0.638
2020-09-09,1001,215,909,497,0.491
2020-09-10,1001,163,836,376,0.0
2020-09-11,1001,11,933,450,2.027
2020-09-12,1001,406,1276,577,1.086
2020-09-13,1001,148,864,425,0.0
2020-09-14,1001,-16,1043,504,0.602
2020-09-15,1001,187,925,461,2.835
2020-09-16,1001,169,1245,520,0.0
2020-09-17,1001,227,1136,553,0.0
2020-09-18,1001,182,875,396,3.54
2020-09-19,1001,164,742,486,0.0
2020-09-20,1001,-7,852,392,0.0
2020-09-21,1001,26,835,369,0.0
2020-09-22,1001,186,984,400,2.621
2020-09-23,1001,14,965,387,1.932
2020-09-24,1001,-191,545,243,0.0
2020-09-25,1001,40,654,320,2.016
2020-09-26,1001,175,926,388,0.0
2020-09-27,1001,224,871,475,1.611
2020-09-28,1001,-47,1003,312,1.067
2020-09-29,1001,195,1010,420,0.0
2020-09-30,1001,20,840,281,2.669
2020-10-01,1001,8,896,387,0.0
2020-10-02,1001,22,859,298,4.117
2020-10-03,1001,-116,823,222,0.0
2020-10-04,1001,-195,731,196,0.324
2020-10-05,1001,22,853,401,1.215
2020-10-06,1001,153,1015,432,0.593
2020-10-07,1001,-242,639,142,0.0
2020-10-08,1001,19,904,348,2.296
2020-10-09,1001,-146,602,122,0.0
2020-10-10,1001,-98,670,279,2.92
2020-10-11,1001,-74,562,292,0.11
2020-10-12,1001,-186,815,324,1.911
2020-10-13,1001,-145,398,263,0.0
2020-10-14,1001,-151,515,256,1.998
2020-10-15,1001,27,699,320,0.0
2020-10-16,1001,-5,685,206,0.0
2020-10-17,1001,28,671,235,0.0
2020-10-18,1001,167,599,213,1.152
2020-10-19,1001,-29,842,301,3.303
2020-10-20,1001,-1,799,289,1.589
2020-10-21,1001,19,888,415,0.0
2020-10-22,1001,-370,619,179,2.07
2020-10-23,1001,-97,935,188,0.0
2020-10-24,1001,-272,669,221,0.967
2020-10-25,1001,-166,804,230,0.0
2020-10-26,1001,-187,573,157,1.301
2020-10-27,1001,-43,621,180,0.0
2020-10-28,1001,31,748,404,2.119
2020-10-29,1001,-166,584,159,2.436
2020-10-30,1001,-39,842,289,0.0
2020-10-31,1001,-25,670,239,0.0
2020-11-01,1001,-170,848,180,3.331
2020-11-02,1001,46,842,335,1.266
2020-11-03,1001,-224,576,198,0.0
2020-11-04,1001,143,756,348,0.0
2020-11-05,1001,-142,735,153,0.0
2020-11-06,1001,-7,743,268,0.0
2020-11-07,1001,-32,762,306,0.0
2020-11-08,1001,22,728,266,0.72
2020-11-09,1001,-11,782,306,1.079
2020-11-10,1001,-4,781,344,2.428
2020-11-11,1001,-150,763,164,2.417
2020-11-12,1001,191,863,360,1.313
2020-11-13,1001,-124,611,260,1.123
2020-11-14,1001,-153,892,272,6.281
2020-11-15,1001,-15,716,309,1.249
2020-11-16,1001,-46,817,248,1.879
2020-11-17,1001,-195,708,148,1.383
2020-11-18,1001,170,782,305,0.607
2020-11-19,1001,-87,700,217,0.0
2020-11-20,1001,108,1035,347,3.395
2020-11-21,1001,-69,647,222,2.927
2020-11-22,1001,129,913,253,0.0
2020-11-23,1001,21,754,209,0.03
2020-11-24,1001,-9,845,323,0.0
2020-11-25,1001,168,956,365,2.391
2020-11-26,1001,-93,819,248,3.653
2020-11-27,1001,84,639,272,4.992
2020-11-28,1001,41,724,303,4.68
2020-11-29,1001,265,952,517,0.0
2020-11-30,1001,32,968,314,2.051
2020-12-01,1001,-46,727,368,0.0
2020-12-02,1001,152,891,360,0.634
2020-12-03,1001,117,854,342,6.521
2020-12-04,1001,12,818,286,1.562
2020-12-05,1001,-37,688,266,4.306
2020-12-06,1001,195,1065,319,1.064
2020-12-07,1001,25,659,323,2.343
2020-12-08,1001,-7,885,347,3.394
2020-12-09,1001,-60,764,300,4.69
2020-12-10,1001,-107,766,287,4.3
2020-12-11,1001,157,992,488,0.0
2020-12-12,1001,336,960,527,3.919
2020-12-13,1001,79,1029,510,9.647
2020-12-14,1001,113,623,497,6.17
2020-12-15,1001,134,857,452,2.602
2020-12-16,1001,187,823,511,0.0
2020-12-17,1001,107,594,361,3.453
2020-12-18,1001,281,1021,531,4.714
2020-12-19,1001,188,1132,549,2.203
2020-12-20,1001,140,968,546,0.0
2020-12-21,1001,213,912,547,5.991
2020-12-22,1001,360,931,559,0.787
2020-12-23,1001,25,803,506,3.898
2020-12-24,1001,101,919,363,0.0
2020-12-25,1001,231,1167,611,0.326
2020-12-26,1001,345,1124,676,0.338
2020-12-27,1001,217,1265,621,1.39
2020-12-28,1001,222,1125,584,1.806
2020-12-29,1001,491,1067,639,0.0
2020-12-30,1001,191,1219,554,2.299
2020-12-31,1001,273,1106,539,1.224
2021-01-01,1001,236,1000,635,6.698
2021-01-02,1001,263,1436,646,6.063
2021-01-03,1001,282,1149,595,4.033
2021-01-04,1001,254,1226,559,0.0
2021-01-05,1001,444,1206,699,0.0
2021-01-06,1001,211,1164,629,0.0
2021-01-07,1001,300,1221,607,3.817
2021-01-08,1001,350,1469,728,8.009
2021-01-09,1001,291,1154,647,6.917
2021-01-10,1001,310,1073,704,0.475
2021-01-11,1001,275,1060,680,1.752
2021-01-12,1001,506,1257,762,0.943
2021-01-13,1001,227,1169,702,4.581
2021-01-14,1001,658,1383,839,3.544
2021-01-15,1001,545,1126,724,0.783
2021-01-16,1001,400,1333,828,3.332
2021-01-17,1001,529,1032,731,1.676
2021-01-18,1001,356,1507,784,4.162
2021-01-19,1001,344,1311,703,3.995
2021-01-20,1001,566,1275,818,0.734
2021-01-21,1001,413,1131,696,4.335
2021-01-22,1001,475,1319,748,0.987
2021-01-23,1001,506,1392,778,0.0
2021-01-24,1001,418,1276,828,7.771
2021-01-25,1001,672,1584,797,2.083
2021-01-26,1001,529,1090,764,0.599
2021-01-27,1001,351,1078,755,5.64
2021-01-28,1001,516,1476,807,5.875
2021-01-29,1001,679,1340,960,10.463
2021-01-30,1001,403,1198,862,0.0
2021-01-31,1001,872,1587,1068,5.073
2021-02-01,1001,679,1468,1064,0.322
2021-02-02,1001,701,1551,997,2.922
2021-02-03,1001,482,1411,925,1.883
2021-02-04,1001,613,1624,992,0.0
2021-02-05,1001,502,1303,1022,0.0
2021-02-06,1001,675,1381,988,4.657
2021-02-07,1001,483,1163,868,2.427
2021-02-08,1001,711,1503,993,2.862
2021-02-09,1001,663,1507,920,0.0
2021-02-10,1001,577,1457,1010,3.023
2021-02-11,1001,628,1566,1040,1.279
2021-02-12,1001,694,1476,968,1.416
2021-02-13,1001,655,1136,938,3.215
2021-02-14,1001,806,1458,1017,3.065
2021-02-15,1001,656,1667,1029,2.93
2021-02-16,1001,920,1483,1163,4.492
2021-02-17,1001,557,1590,1004,0.0
2021-02-18,1001,718,1685,1095,0.16
2021-02-19,1001,669,1488,1033,1.745
2021-02-20,1001,796,1608,1223,2.893
2021-02-21,1001,827,1647,1154,0.0
2021-02-22,1001,937,1735,1305,1.618
2021-02-23,1001,983,1513,1182,0.0
2021-02-24,1001,919,1860,1179,0.0
2021-02-25,1001,818,1877,1130,2.606
2021-02-26,1001,894,1306,1272,0.0
2021-02-27,1001,1077,1722,1334,3.477
2021-02-28,1001,818,1692,1258,4.06
2021-03-01,1001,858,1803,1205,0.0
2021-03-02,1001,961,1769,1222,2.104
2021-03-03,1001,889,1604,1281,2.764
2021-03-04,1001,629,1700,1114,3.672
2021-03-05,1001,689,1702,1185,5.735
2021-03-06,1001,937,1710,1230,4.527
2021-03-07,1001,1115,1965,1358,5.459
2021-03-08,1001,1139,1931,1425,1.568
2021-03-09,1001,907,1851,1276,0.4
2021-03-10,1001,1051,1837,1343,0.0
2021-03-11,1001,1068,1838,1368,4.739
2021-03-12,1001,1051,1817,1294,0.0
2021-03-13,1001,1093,1533,1355,0.0
2021-03-14,1001,1084,1920,1353,0.0
2021-03-15,1001,874,1576,1277,2.144
2021-03-16,1001,746,1842,1209,0.805
2021-03-17,1001,1078,1879,1327,1.319
2021-03-18,1001,1115,1747,1400,3.421
2021-03-19,1001,1074,1840,1357,0.0
2021-03-20,1001,991,1714,1262,8.742
2021-03-21,1001,922,1923,1386,0.0
2021-03-22,1001,1159,1960,1381,0.0
2021-03-23,1001,1123,1803,1437,6.049
2021-03-24,1001,1081,1865,1435,0.0
2021-03-25,1001,1184,2103,1332,16.728
2021-03-26,1001,1150,1990,1482,0.0
2021-03-27,1001,1206,2043,1418,0.776
2021-03-28,1001,1009,2005,1350,0.861
2021-03-29,1001,1292,2036,1493,0.0
2021-03-30,1001,993,1700,1426,3.839
2021-03-31,1001,991,1880,1382,0.2
2021-04-01,1001,1091,1666,1388,0.0
2021-04-02,1001,1338,2087,1540,2.641
2021-04-03,1001,1417,1912,1555,0.0
2021-04-04,1001,1139,1934,1474,3.424
2021-04-05,1001,1202,1911,1524,0.0
2021-04-06,1001,1099,1897,1483,0.0
2021-04-07,1001,1132,1916,1516,0.0
2021-04-08,1001,1385,1981,1611,3.332
2021-04-09,1001,1124,1733,1434,3.372
2021-04-10,1001,1039,1920,1493,3.166
2021-04-11,1001,1232,2042,1610,0.0
2021-04-12,1001,1257,2179,1576,0.0
2021-04-13,1001,1091,2173,1492,3.42
2021-04-14,1001,1370,1935,1642,0.0
2021-04-15,1001,1412,2065,1596,2.616
2021-04-16,1001,1319,2085,1580,3.05
2021-04-17,1001,1236,1875,1547,0.0
2021-04-18,1001,948,1980,1468,1.328
2021-04-19,1001,1027,1858,1440,2.951
2021-04-20,1001,1160,2046,1547,8.638
2021-04-21,1001,1226,1892,1486,1.5
2021-04-22,1001,1228,2082,1554,0.0
2021-04-23,1001,1213,2046,1455,4.269
2021-04-24,1001,1203,2170,1539,4.229
2021-04-25,1001,1070,1853,1478,0.0
2021-04-26,1001,1209,1889,1530,0.591
2021-04-27,1001,1374,1883,1509,6.051
2021-04-28,1001,1179,2022,1531,0.24
2021-04-29,1001,1202,2116,1537,1.132
2021-04-30,1001,1441,1940,1621,4.991
2021-05-01,1001,1058,1993,1555,0.497
2021-05-02,1001,1269,1773,1518,1.101
2021-05-03,1001,1308,2105,1643,0.0
2021-05-04,1001,1224,2064,1585,1.437
2021-05-05,1001,1201,1973,1535,0.0
2021-05-06,1001,1086,2211,1521,0.0
2021-05-07,1001,1194,1927,1479,0.0
2021-05-08,1001,1235,1961,1573,0.398
2021-05-09,1001,1450,2058,1620,0.58
2021-05-10,1001,1083,1880,1541,0.302
2021-05-11,1001,1139,1949,1581,10.465
2021-05-12,1001,1239,2154,1532,2.322
2021-05-13,1001,1205,1993,1497,1.186
2021-05-14,1001,1025,1928,1490,0.0
2021-05-15,1001,1109,1898,1416,0.636
2021-05-16,1001,1247,2261,1624,2.662
2021-05-17,1001,1180,1717,1455,2.27
2021-05-18,1001,1238,2094,1542,0.603
2021-05-19,1001,1240,2119,1617,0.0
2021-05-20,1001,1362,2249,1557,2.106
2021-05-21,1001,1062,2011,1555,6.629
2021-05-22,1001,1103,1923,1431,0.0
2021-05-23,1001,927,1869,1457,2.772
2021-05-24,1001,1163,1778,1480,0.0
2021-05-25,1001,1131,1966,1501,0.706
2021-05-26,1001,1203,1902,1562,0.81
2021-05-27,1001,1146,1896,1518,7.296
2021-05-28,1001,1156,1969,1609,0.304
2021-05-29,1001,1057,1730,1344,3.25
2021-05-30,1001,1121,2106,1478,1.269
2021-05-31,1001,1302,2127,1524,0.427
2021-06-01,1001,1267,2076,1583,1.503
2021-06-02,1001,1284,2027,1448,1.903
2021-06-03,1001,1163,1907,1471,0.0
2021-06-04,1001,1220,1862,1517,0.0
2021-06-05,1001,1079,1850,1442,2.376
2021-06-06,1001,908,1539,1401,1.103
2021-06-07,1001,1039,1751,1446,0.0
2021-06-08,1001,1018,1826,1360,2.204
2021-06-09,1001,1209,1710,1371,4.118
2021-06-10,1001,1184,1852,1453,2.766
2021-06-11,1001,973,1927,1376,0.0
2021-06-12,1001,1244,2030,1526,0.634
2021-06-13,1001,1146,1973,1411,0.0
2021-06-14,1001,919,1844,1318,3.193
2021-06-15,1001,1154,1932,1488,4.605
2021-06-16,1001,1001,1994,1361,1.64
2021-06-17,1001,728,1632,1198,0.0
2021-06-18,1001,996,1887,1456,0.0
2021-06-19,1001,1008,1928,1406,3.503
2021-06-20,1001,773,1733,1221,2.219
2021-06-21,1001,1081,2006,1389,1.477
2021-06-22,1001,1044,1695,1320,0.0
2021-06-23,1001,1089,1567,1280,1.572
2021-06-24,1001,914,1817,1289,0.0
2021-06-25,1001,929,1529,1173,0.0
2021-06-26,1001,1093,1839,1278,1.226
2021-06-27,1001,1086,1745,1296,0.0
2021-06-28,1001,1062,1692,1299,0.0
2021-06-29,1001,840,1643,1157,0.0
2021-06-30,1001,966,1749,1322,0.116
2021-07-01,1001,940,1917,1276,0.175
2021-07-02,1001,869,1591,1291,2.957
2021-07-03,1001,914,1791,1263,0.752
2021-07-04,1001,732,1591,1041,0.254
2021-07-05,1001,977,1972,1373,0.751
2021-07-06,1001,738,1408,954,3.011
2021-07-07,1001,703,1821,1130,0.0
2021-07-08,1001,950,1614,1203,0.0
2021-07-09,1001,854,1904,1170,0.223
2021-07-10,1001,872,1548,1088,0.0
2021-07-11,1001,760,1817,1127,1.786
2021-07-12,1001,868,1681,1175,0.0
2021-07-13,1001,814,1545,1027,1.378
2021-07-14,1001,1029,1877,1244,1.495
2021-07-15,1001,697,1493,987,0.879
2021-07-16,1001,650,1350,955,1.998
2021-07-17,1001,717,1129,898,0.326
2021-07-18,1001,916,1483,1156,0.0
2021-07-19,1001,667,1511,1051,0.186
2021-07-20,1001,692,1636,1019,0.0
2021-07-21,1001,825,1483,1115,2.889
2021-07-22,1001,743,1330,999,1.779
2021-07-23,1001,723,1463,1001,0.0
2021-07-24,1001,507,1327,894,0.917
2021-07-25,1001,640,1416,950,0.0
2021-07-26,1001,748,1625,1053,1.612
2021-07-27,1001,336,1059,752,2.605
2021-07-28,1001,776,1616,1024,0.0
2021-07-29,1001,650,1484,985,0.362
2021-07-30,1001,307,1332,789,1.505
2021-07-31,1001,651,1387,900,2.264
2021-08-01,1001,675,1723,937,0.0
2021-08-02,1001,551,1311,815,0.369
2021-08-03,1001,619,1502,927,0.974
2021-08-04,1001,610,1328,927,1.451
2021-08-05,1001,616,1544,1071,0.01
2021-08-06,1001,832,1301,949,2.044
2021-08-07,1001,511,1326,756,0.708
2021-08-08,1001,460,1559,794,0.697
2021-08-09,1001,668,1332,928,0.0
2021-08-10,1001,576,1267,815,0.0
2021-08-11,1001,505,1427,773,0.0
2021-08-12,1001,551,1462,886,1.172
2021-08-13,1001,342,1217,716,0.0
2021-08-14,1001,274,1246,724,0.0
2021-08-15,1001,598,1347,851,2.069
2021-08-16,1001,283,1086,642,2.483
2021-08-17,1001,308,1218,715,3.201
2021-08-18,1001,410,997,616,2.409
2021-08-19,1001,484,1219,765,0.349
2021-08-20,1001,489,1120,645,1.542
2021-08-21,1001,422,969,666,1.963
2021-08-22,1001,126,950,643,0.0
2021-08-23,1001,142,1165,566,0.0
2021-08-24,1001,324,1135,619,0.793
2021-08-25,1001,393,1064,621,0.0
2021-08-26,1001,444,1053,590,0.0
2021-08-27,1001,406,981,676,0.0
2021-08-28,1001,572,859,652,2.984
2021-08-29,1001,398,1239,600,4.777
2021-08-30,1001,311,1123,624,0.0
2021-08-31,1001,221,682,529,0.78
2021-09-01,1001,-75,916,475,0.0
2021-09-02,1001,183,840,402,2.472
2021-09-03,1001,347,1150,621,2.486
2021-09-04,1001,307,935,525,0.812
2021-09-05,1001,292,1075,582,0.0
2021-09-06,1001,219,1041,553,1.006
2021-09-07,1001,241,1021,559,0.0
2021-09-08,1001,157,1103,536,2.106
2021-09-09,1001,324,1030,538,0.0
2021-09-10,1001,-18,960,398,0.44
2021-09-11,1001,115,947,477,0.0
2021-09-12,1001,120,828,405,1.818
2021-09-13,1001,100,873,451,0.0
2021-09-14,1001,124,994,553,0.0
2021-09-15,1001,250,1098,491,1.247
2021-09-16,1001,209,1008,515,0.0
2021-09-17,1001,101,1082,446,0.0
2021-09-18,1001,198,736,402,1.902
2021-09-19,1001,172,883,345,0.319
2021-09-20,1001,327,827,459,0.0
2021-09-21,1001,169,825,559,0.0
2021-09-22,1001,89,753,328,0.0
2021-09-23,1001,-142,675,198,0.0
2021-09-24,1001,25,744,328,1.15
2021-09-25,1001,44,797,456,2.234
2021-09-26,1001,151,861,425,3.681
2021-09-27,1001,-64,875,322,0.25
2021-09-28,1001,150,810,423,1.413
2021-09-29,1001,-10,639,320,3.345
2021-09-30,1001,163,756,381,0.0
2021-10-01,1001,-147,807,322,1.743
2021-10-02,1001,-2,697,352,2.261
2021-10-03,1001,-35,751,268,6.013
2021-10-04,1001,172,672,275,0.0
2021-10-05,1001,271,861,494,0.0
2021-10-06,1001,42,856,319,0.368
2021-10-07,1001,37,792,353,2.311
2021-10-08,1001,-182,738,222,0.0
2021-10-09,1001,165,960,321,1.078
2021-10-10,1001,268,956,351,0.0
2021-10-11,1001,-120,651,248,0.0
2021-10-12,1001,-42,932,328,2.786
2021-10-13,1001,-14,696,305,0.0
2021-10-14,1001,68,653,160,1.59
2021-10-15,1001,26,767,293,0.0
2021-10-16,1001,-8,884,440,6.282
2021-10-17,1001,-89,776,141,0.537
2021-10-18,1001,-5,845,196,2.034
2021-10-19,1001,-39,618,282,0.0
2021-10-20,1001,-75,559,228,0.0
2021-10-21,1001,36,984,356,4.671
2021-10-22,1001,-163,625,203,0.0
2021-10-23,1001,-153,603,203,3.815
2021-10-24,1001,-104,513,126,2.607
2021-10-25,1001,36,1008,443,2.845
2021-10-26,1001,-184,536,94,0.0
2021-10-27,1001,-322,726,157,2.751
2021-10-28,1001,-12,530,252,3.995
2021-10-29,1001,55,586,246,3.607
2021-10-30,1001,-173,565,167,0.804
2021-10-31,1001,-51,845,291,2.775
2021-11-01,1001,-112,699,329,3.601
2021-11-02,1001,-102,687,153,0.0
2021-11-03,1001,-24,680,282,1.438
2021-11-04,1001,66,584,255,2.24
2021-11-05,1001,-282,750,140,0.0
2021-11-06,1001,41,709,197,2.824
2021-11-07,1001,-115,865,342,2.674
2021-11-08,1001,-92,690,245,3.05
2021-11-09,1001,0,885,343,8.211
2021-11-10,1001,-130,626,212,3.984
2021-11-11,1001,52,927,394,4.054
2021-11-12,1001,174,848,426,0.0
2021-11-13,1001,-27,547,141,0.0
2021-11-14,1001,76,709,373,1.191
2021-11-15,1001,-83,896,333,0.0
2021-11-16,1001,-50,659,288,0.412
2021-11-17,1001,28,758,325,0.0
2021-11-18,1001,-102,516,155,0.844
2021-11-19,1001,-158,667,159,0.964
2021-11-20,1001,278,916,374,0.0
2021-11-21,1001,-62,746,256,3.268
2021-11-22,1001,28,1006,353,3.991
2021-11-23,1001,-83,790,294,1.036
2021-11-24,1001,57,757,317,1.486
2021-11-25,1001,96,743,296,0.196
2021-11-26,1001,37,811,294,2.833
2021-11-27,1001,-27,646,310,6.198
2021-11-28,1001,64,720,275,9.864
2021-11-29,1001,-28,723,302,0.0
2021-11-30,1001,5,887,356,4.094
2021-12-01,1001,-8,822,321,0.547
2021-12-02,1001,-238,673,257,0.0
2021-12-03,1001,-101,807,342,7.477
2021-12-04,1001,31,681,246,2.831
2021-12-05,1001,32,985,372,3.107
2021-12-06,1001,176,949,341,0.0
2021-12-07,1001,-23,758,289,3.2
2021-12-08,1001,119,828,416,5.819
2021-12-09,1001,173,964,489,3.056
2021-12-10,1001,-107,596,275,0.0
2021-12-11,1001,95,880,312,2.042
2021-12-12,1001,247,809,559,1.812
2021-12-13,1001,285,1054,545,0.343
2021-12-14,1001,76,968,467,1.597
2021-12-15,1001,-88,968,362,0.0
2021-12-16,1001,-67,873,456,2.906
2021-12-17,1001,190,809,455,0.0
2021-12-18,1001,292,853,504,0.0
2021-12-19,1001,121,998,357,0.804
2021-12-20,1001,109,766,374,0.0
2021-12-21,1001,112,857,461,1.724
2021-12-22,1001,-11,1124,414,12.716
2021-12-23,1001,128,628,443,0.0
2021-12-24,1001,314,860,393,2.982
2021-12-25,1001,81,962,515,1.203
2021-12-26,1001,-10,979,420,1.276
2021-12-27,1001,173,1024,489,0.885
2021-12-28,1001,261,1067,503,4.024
2021-12-29,1001,155,1027,456,2.598
2021-12-30,1001,175,1104,622,0.0
2021-12-31,1001,-30,842,455,2.939
2022-01-01,1001,274,1175,600,0.0
2022-01-02,1001,203,879,516,1.945
2022-01-03,1001,367,1074,611,0.0
2022-01-04,1001,263,966,541,8.392
2022-01-05,1001,277,1348,661,3.274
2022-01-06,1001,205,959,589,0.0
2022-01-07,1001,132,1106,506,1.484
2022-01-08,1001,378,1117,722,1.307
2022-01-09,1001,308,904,568,0.0
2022-01-10,1001,442,1124,780,0.0
2022-01-11,1001,467,1101,678,0.954
2022-01-12,1001,442,1084,718,0.0
2022-01-13,1001,169,1191,512,3.791
2022-01-14,1001,260,1444,687,3.22
2022-01-15,1001,445,1069,628,0.0
2022-01-16,1001,507,1103,708,0.0
2022-01-17,1001,332,976,695,5.942
2022-01-18,1001,628,1388,862,2.541
2022-01-19,1001,458,1084,773,0.0
2022-01-20,1001,333,1324,750,0.0
2022-01-21,1001,407,1253,781,0.557
2022-01-22,1001,491,1305,732,0.0
2022-01-23,1001,548,1271,815,6.106
2022-01-24,1001,424,1173,823,0.0
2022-01-25,1001,459,1513,842,1.199
2022-01-26,1001,432,1257,781,5.419
2022-01-27,1001,508,1578,865,0.0
2022-01-28,1001,707,1552,1070,2.021
2022-01-29,1001,427,1533,861,3.969
2022-01-30,1001,632,1415,987,3.224
2022-01-31,1001,569,1536,904,1.573
2022-02-01,1001,543,1410,882,2.818
2022-02-02,1001,627,1626,1070,11.081
2022-02-03,1001,650,1347,839,3.558
2022-02-04,1001,776,1467,1071,6.884
2022-02-05,1001,614,1256,965,3.285
2022-02-06,1001,878,1449,1015,0.0
2022-02-07,1001,548,1708,1046,8.903
2022-02-08,1001,691,1304,958,1.697
2022-02-09,1001,752,1512,985,6.059
2022-02-10,1001,784,1477,1027,2.497
2022-02-11,1001,593,1512,996,1.643
2022-02-12,1001,906,1651,1081,1.963
2022-02-13,1001,829,1793,1027,1.235
2022-02-14,1001,835,1734,1199,1.207
2022-02-15,1001,837,1611,1094,5.194
2022-02-16,1001,725,1469,1071,2.384
2022-02-17,1001,864,1600,1116,0.0
2022-02-18,1001,662,1617,1154,0.0
2022-02-19,1001,802,1499,1147,1.682
2022-02-20,1001,695,1654,1024,0.0
2022-02-21,1001,1026,1500,1235,3.88
2022-02-22,1001,1013,1701,1261,3.975
2022-02-23,1001,781,1660,1169,2.923
2022-02-24,1001,1003,1593,1246,0.0
2022-02-25,1001,882,1379,1180,0.0
2022-02-26,1001,683,1459,1050,2.376
2022-02-27,1001,1002,1730,1281,3.303
2022-02-28,1001,902,1821,1235,13.134
2022-03-01,1001,945,1573,1235,1.086
2022-03-02,1001,923,1704,1239,2.802
2022-03-03,1001,1059,1655,1372,0.629
2022-03-04,1001,777,1655,1151,5.547
2022-03-05,1001,1085,1837,1373,0.606
2022-03-06,1001,984,1917,1159,1.801
2022-03-07,1001,929,1884,1222,2.024
2022-03-08,1001,1075,1654,1266,2.444
2022-03-09,1001,841,1699,1311,0.944
2022-03-10,1001,948,1778,1211,2.079
2022-03-11,1001,1159,1747,1438,0.0
2022-03-12,1001,1050,1963,1341,15.641
2022-03-13,1001,1246,1836,1433,0.0
2022-03-14,1001,1013,1525,1239,0.796
2022-03-15,1001,1265,1936,1473,2.343
2022-03-16,1001,1041,1843,1402,3.908
2022-03-17,1001,1042,1668,1338,2.237
2022-03-18,1001,912,1711,1335,2.989
2022-03-19,1001,1017,1612,1321,2.49
2022-03-20,1001,1101,1998,1406,5.148
2022-03-21,1001,1144,2138,1468,0.0
2022-03-22,1001,1003,1739,1400,7.162
2022-03-23,1001,1232,2039,1396,1.434
2022-03-24,1001,1009,1737,1465,0.0
2022-03-25,1001,1007,1737,1328,9.803
2022-03-26,1001,907,2006,1401,0.0
2022-03-27,1001,1108,2140,1499,0.0
2022-03-28,1001,1242,1827,1439,0.0
2022-03-29,1001,1246,2116,1529,1.539
2022-03-30,1001,1151,2035,1544,1.065
2022-03-31,1001,1011,2036,1376,0.0
2022-04-01,1001,1289,1881,1528,0.0
2022-04-02,1001,935,1926,1459,0.0
2022-04-03,1001,1086,1829,1411,0.0
2022-04-04,1001,1235,1908,1445,1.865
2022-04-05,1001,1075,1980,1451,1.367
2022-04-06,1001,1158,1994,1486,7.906
2022-04-07,1001,1162,1828,1499,0.0
2022-04-08,1001,1101,1783,1507,2.016
2022-04-09,1001,1165,2072,1444,4.763
2022-04-10,1001,1235,2089,1489,1.397
2022-04-11,1001,1178,2081,1406,3.845
2022-04-12,1001,1048,1825,1448,3.343
2022-04-13,1001,1277,1951,1523,0.0
2022-04-14,1001,1280,1839,1448,0.0
2022-04-15,1001,1119,1912,1385,0.0
2022-04-16,1001,1228,2058,1505,4.045
2022-04-17,1001,1215,1922,1448,0.885
2022-04-18,1001,1226,2247,1673,0.0
2022-04-19,1001,1277,1718,1511,2.184
2022-04-20,1001,1228,2024,1660,0.68
2022-04-21,1001,1136,1846,1437,2.574
2022-04-22,1001,1257,2268,1633,0.72
2022-04-23,1001,1409,2018,1628,0.0
2022-04-24,1001,1013,2035,1548,0.0
2022-04-25,1001,1256,2081,1509,0.0
2022-04-26,1001,1412,2081,1646,0.0
2022-04-27,1001,1298,2193,1622,2.679
2022-04-28,1001,1332,2279,1605,3.398
2022-04-29,1001,1284,1945,1580,2.503
2022-04-30,1001,1163,1873,1390,3.93
2022-05-01,1001,1195,1806,1471,0.0
2022-05-02,1001,1181,1717,1458,8.102
2022-05-03,1001,1118,2019,1533,1.223
2022-05-04,1001,1304,2331,1686,2.544
2022-05-05,1001,1274,2196,1537,3.025
2022-05-06,1001,1454,2211,1762,3.106
2022-05-07,1001,1253,2192,1678,0.712
2022-05-08,1001,1186,1991,1493,2.631
2022-05-09,1001,1163,1960,1484,0.0
2022-05-10,1001,1371,1986,1561,1.559
2022-05-11,1001,1054,2078,1377,0.648
2022-05-12,1001,1304,2044,1525,3.704
2022-05-13,1001,1208,1924,1450,5.043
2022-05-14,1001,1098,1976,1440,0.0
2022-05-15,1001,1122,1705,1469,1.436
2022-05-16,1001,1233,1965,1583,3.689
2022-05-17,1001,1218,2038,1503,0.18
2022-05-18,1001,1038,1699,1346,5.383
2022-05-19,1001,1172,2032,1601,0.0
2022-05-20,1001,1245,2139,1549,2.894
2022-05-21,1001,1317,1888,1536,2.632
2022-05-22,1001,1207,2117,1545,2.271
2022-05-23,1001,1287,2115,1573,0.654
2022-05-24,1001,1188,1970,1591,0.837
2022-05-25,1001,1081,1915,1549,1.215
2022-05-26,1001,1054,1735,1472,3.643
2022-05-27,1001,1236,2026,1581,0.0
2022-05-28,1001,1310,2151,1557,1.425
2022-05-29,1001,961,1814,1384,0.0
2022-05-30,1001,1055,1952,1417,1.482
2022-05-31,1001,969,1796,1405,1.17
2022-06-01,1001,1045,2036,1383,2.875
2022-06-02,1001,1268,2015,1493,0.0
2022-06-03,1001,1206,2166,1546,0.0
2022-06-04,1001,1176,1900,1520,0.0
2022-06-05,1001,923,1637,1358,0.0
2022-06-06,1001,964,1769,1337,5.379
2022-06-07,1001,1070,1846,1428,0.862
2022-06-08,1001,1211,1996,1495,0.832
2022-06-09,1001,1086,1892,1427,0.757
2022-06-10,1001,1049,1821,1396,1.0
2022-06-11,1001,1124,1780,1414,2.346
2022-06-12,1001,1206,2122,1471,4.02
2022-06-13,1001,1022,1988,1444,1.2
2022-06-14,1001,990,1844,1389,0.994
2022-06-15,1001,1120,1906,1313,0.271
2022-06-16,1001,1040,1975,1314,0.0
2022-06-17,1001,898,1611,1276,0.274
2022-06-18,1001,976,1658,1352,1.661
2022-06-19,1001,881,1881,1290,1.981
2022-06-20,1001,1005,1740,1400,1.214
2022-06-21,1001,1039,1898,1345,0.0
2022-06-22,1001,1183,1596,1371,1.983
2022-06-23,1001,840,1685,1230,0.0
2022-06-24,1001,895,1729,1222,2.893
2022-06-25,1001,929,1725,1203,2.21
2022-06-26,1001,1065,1767,1307,0.546
2022-06-27,1001,899,1676,1313,0.0
2022-06-28,1001,927,1568,1186,1.14
2022-06-29,1001,832,1753,1183,1.612
2022-06-30,1001,823,1559,1120,0.0
2022-07-01,1001,1189,1827,1379,0.0
2022-07-02,1001,877,1615,1237,3.027
2022-07-03,1001,902,1724,1251,2.892
2022-07-04,1001,955,1996,1257,0.0
2022-07-05,1001,984,1695,1215,0.0
2022-07-06,1001,752,1612,1171,0.224
2022-07-07,1001,568,1625,1055,0.265
2022-07-08,1001,784,1480,1204,0.602
2022-07-09,1001,822,1487,1158,0.304
2022-07-10,1001,912,1568,1084,0.0
2022-07-11,1001,664,1461,998,0.0
2022-07-12,1001,829,1571,1134,1.741
2022-07-13,1001,818,1589,1220,0.472
2022-07-14,1001,700,1489,1061,4.632
2022-07-15,1001,920,1659,1125,0.264
2022-07-16,1001,910,1540,1212,0.0
2022-07-17,1001,715,1677,1068,0.0
2022-07-18,1001,755,1506,1065,3.773
2022-07-19,1001,733,1647,1012,0.0
2022-07-20,1001,628,1539,1006,0.0
2022-07-21,1001,717,1418,971,0.484
2022-07-22,1001,746,1583,1087,2.049
2022-07-23,1001,860,1642,1124,0.0
2022-07-24,1001,899,1581,1118,0.309
2022-07-25,1001,401,1410,830,1.721
2022-07-26,1001,622,1411,977,1.764
2022-07-27,1001,565,1279,951,3.875
2022-07-28,1001,808,1610,951,1.778
2022-07-29,1001,584,1455,1016,0.0
2022-07-30,1001,497,1132,760,0.0
2022-07-31,1001,314,1311,776,3.444
2022-08-01,1001,675,1446,1062,0.0
2022-08-02,1001,606,1218,821,0.652
2022-08-03,1001,487,1534,897,2.323
2022-08-04,1001,388,1067,774,2.575
2022-08-05,1001,360,1300,748,0.0
2022-08-06,1001,428,1293,848,0.0
2022-08-07,1001,608,1196,852,2.366
2022-08-08,1001,523,1041,684,3.921
2022-08-09,1001,533,1349,817,4.48
2022-08-10,1001,349,1398,817,0.445
2022-08-11,1001,731,1812,969,0.365
2022-08-12,1001,589,1291,787,1.462
2022-08-13,1001,477,1225,832,1.582
2022-08-14,1001,547,983,698,0.0
2022-08-15,1001,503,1319,784,0.0
2022-08-16,1001,438,1150,701,1.289
2022-08-17,1001,392,1233,753,2.282
2022-08-18,1001,420,1385,880,1.179
2022-08-19,1001,343,1077,626,0.0
2022-08-20,1001,227,881,631,0.0
2022-08-21,1001,307,963,662,3.169
2022-08-22,1001,498,1231,700,0.0
2022-08-23,1001,295,1165,670,1.53
2022-08-24,1001,235,865,527,0.601
2022-08-25,1001,579,1303,736,0.681
2022-08-26,1001,-17,1048,464,5.483
2022-08-27,1001,286,1335,721,0.229
2022-08-28,1001,297,885,638,4.73
2022-08-29,1001,378,1164,655,1.374
2022-08-30,1001,198,1065,586,2.9
2022-08-31,1001,270,1010,530,7.226
2022-09-01,1001,279,1069,620,3.224
2022-09-02,1001,184,943,581,4.148
2022-09-03,1001,256,982,569,5.336
2022-09-04,1001,139,1006,508,0.0
2022-09-05,1001,382,1264,685,4.194
2022-09-06,1001,-30,799,411,0.932
2022-09-07,1001,118,1087,447,0.4
2022-09-08,1001,426,975,633,2.792
2022-09-09,1001,323,978,560,0.0
2022-09-10,1001,95,935,409,4.802
2022-09-11,1001,473,1244,573,1.904
2022-09-12,1001,137,1138,467,0.299
2022-09-13,1001,71,1067,402,3.198
2022-09-14,1001,107,1053,458,0.0
2022-09-15,1001,70,944,455,0.0
2022-09-16,1001,-27,1036,424,1.247
2022-09-17,1001,1,891,361,0.813
2022-09-18,1001,102,698,466,1.164
2022-09-19,1001,61,884,383,1.034
2022-09-20,1001,-4,957,331,0.069
2022-09-21,1001,112,893,429,0.0
2022-09-22,1001,-87,805,322,0.989
2022-09-23,1001,-8,713,388,0.365
2022-09-24,1001,115,816,416,2.22
2022-09-25,1001,134,796,345,1.294
2022-09-26,1001,-13,851,328,0.912
2022-09-27,1001,32,844,364,2.62
2022-09-28,1001,-81,589,219,4.949
2022-09-29,1001,49,987,431,5.564
2022-09-30,1001,10,976,442,0.965
2022-10-01,1001,194,991,387,0.935
2022-10-02,1001,66,809,361,2.393
2022-10-03,1001,-36,730,225,0.0
2022-10-04,1001,0,820,466,1.565
2022-10-05,1001,82,986,476,1.532
2022-10-06,1001,106,927,354,0.0
2022-10-07,1001,-158,600,266,0.0
2022-10-08,1001,120,844,371,1.32
2022-10-09,1001,-158,735,219,0.619
2022-10-10,1001,97,621,275,0.714
2022-10-11,1001,41,735,365,0.0
2022-10-12,1001,-50,720,238,1.523
2022-10-13,1001,-248,619,183,3.565
2022-10-14,1001,17,695,289,2.472
2022-10-15,1001,-80,706,307,0.0
2022-10-16,1001,14,970,289,0.0
2022-10-17,1001,167,775,340,2.267
2022-10-18,1001,-70,785,314,0.0
2022-10-19,1001,10,756,285,0.291
2022-10-20,1001,-7,736,252,0.0
2022-10-21,1001,-129,834,389,0.0
2022-10-22,1001,-104,895,257,0.0
2022-10-23,1001,166,769,486,0.0
2022-10-24,1001,-204,794,207,13.947
2022-10-25,1001,9,982,343,1.815
2022-10-26,1001,85,756,273,0.451
2022-10-27,1001,-149,689,210,0.0
2022-10-28,1001,-112,748,175,5.198
2022-10-29,1001,19,874,352,0.99
2022-10-30,1001,143,732,391,0.936
2022-10-31,1001,-50,535,232,1.792
2022-11-01,1001,20,758,314,2.376
2022-11-02,1001,-140,745,277,4.989
2022-11-03,1001,-338,654,172,7.717
2022-11-04,1001,-20,835,255,0.0
2022-11-05,1001,-112,805,321,1.198
2022-11-06,1001,-84,862,391,3.083
2022-11-07,1001,-150,479,187,1.845
2022-11-08,1001,-36,698,321,0.0
2022-11-09,1001,-139,459,197,1.104
2022-11-10,1001,52,550,210,4.717
2022-11-11,1001,-120,847,250,0.0
2022-11-12,1001,-158,1017,314,3.605
2022-11-13,1001,-140,955,287,1.205
2022-11-14,1001,10,685,196,1.502
2022-11-15,1001,-42,630,200,1.77
2022-11-16,1001,19,1091,365,6.967
2022-11-17,1001,-69,766,255,0.523
2022-11-18,1001,50,1163,392,7.224
2022-11-19,1001,-43,627,331,1.618
2022-11-20,1001,-158,788,183,0.0
2022-11-21,1001,-136,731,238,0.077
2022-11-22,1001,103,973,381,2.224
2022-11-23,1001,-110,741,218,2.547
2022-11-24,1001,-23,672,249,4.893
2022-11-25,1001,-87,652,282,0.0
2022-11-26,1001,-47,701,218,1.231
2022-11-27,1001,-170,763,217,0.511
2022-11-28,1001,0,1047,296,0.902
2022-11-29,1001,210,981,474,2.351
2022-11-30,1001,-164,606,124,1.842
2022-12-01,1001,141,877,449,3.274
2022-12-02,1001,16,724,301,1.33
2022-12-03,1001,-152,869,257,3.608
2022-12-04,1001,-9,1041,419,1.098
2022-12-05,1001,31,1071,443,1.203
2022-12-06,1001,170,767,331,4.815
2022-12-07,1001,161,1042,495,0.0
2022-12-08,1001,149,808,442,5.175
2022-12-09,1001,90,687,248,0.0
2022-12-10,1001,-111,756,300,0.32
2022-12-11,1001,-144,910,370,2.602
2022-12-12,1001,-63,964,329,8.351
2022-12-13,1001,-148,664,231,0.539
2022-12-14,1001,196,865,480,5.207
2022-12-15,1001,176,1026,523,0.0
2022-12-16,1001,84,717,387,1.895
2022-12-17,1001,412,973,588,0.0
2022-12-18,1001,90,962,437,2.812
2022-12-19,1001,62,857,408,3.855
2022-12-20,1001,437,883,581,5.901
2022-12-21,1001,339,1177,664,2.99
2022-12-22,1001,-16,915,344,2.336
2022-12-23,1001,300,978,645,1.577
2022-12-24,1001,170,807,443,6.143
2022-12-25,1001,302,1129,578,0.0
2022-12-26,1001,309,1227,545,0.0
2022-12-27,1001,240,1251,645,3.059
2022-12-28,1001,306,1041,543,0.0
2022-12-29,1001,196,1066,414,1.681
2022-12-30,1001,99,911,520,1.491
2022-12-31,1001,165,1051,574,2.011
